-- phpMyAdmin SQL Dump
-- version 5.2.0
-- https://www.phpmyadmin.net/
--
-- Host: 127.0.0.1
-- Generation Time: Jul 07, 2022 at 08:47 AM
-- Server version: 10.4.24-MariaDB
-- PHP Version: 8.0.19

SET SQL_MODE = "NO_AUTO_VALUE_ON_ZERO";
START TRANSACTION;
SET time_zone = "+00:00";


/*!40101 SET @OLD_CHARACTER_SET_CLIENT=@@CHARACTER_SET_CLIENT */;
/*!40101 SET @OLD_CHARACTER_SET_RESULTS=@@CHARACTER_SET_RESULTS */;
/*!40101 SET @OLD_COLLATION_CONNECTION=@@COLLATION_CONNECTION */;
/*!40101 SET NAMES utf8mb4 */;

--
-- Database: `ecommarce`
--

-- --------------------------------------------------------

--
-- Table structure for table `all_visitors`
--

CREATE TABLE `all_visitors` (
  `id` bigint(20) UNSIGNED NOT NULL,
  `visitor_ip` varchar(45) COLLATE utf8mb4_unicode_ci NOT NULL,
  `status` tinyint(1) NOT NULL DEFAULT 1,
  `date` varchar(50) COLLATE utf8mb4_unicode_ci NOT NULL,
  `deleted_at` timestamp NULL DEFAULT NULL,
  `created_at` timestamp NULL DEFAULT NULL,
  `updated_at` timestamp NULL DEFAULT NULL
) ENGINE=InnoDB DEFAULT CHARSET=utf8mb4 COLLATE=utf8mb4_unicode_ci;

--
-- Dumping data for table `all_visitors`
--

INSERT INTO `all_visitors` (`id`, `visitor_ip`, `status`, `date`, `deleted_at`, `created_at`, `updated_at`) VALUES
(1, '::1', 1, '2022-06-02 10:58:44', NULL, '2022-06-02 04:58:44', '2022-06-02 04:58:44'),
(2, '::1', 1, '2022-06-02 12:03:30', NULL, '2022-06-02 06:03:30', '2022-06-02 06:03:30'),
(3, '::1', 1, '2022-06-02 12:03:39', NULL, '2022-06-02 06:03:39', '2022-06-02 06:03:39'),
(4, '::1', 1, '2022-06-02 12:47:36', NULL, '2022-06-02 06:47:36', '2022-06-02 06:47:36'),
(5, '::1', 1, '2022-06-02 12:59:36', NULL, '2022-06-02 06:59:36', '2022-06-02 06:59:36'),
(6, '::1', 1, '2022-06-02 15:28:58', NULL, '2022-06-02 09:28:58', '2022-06-02 09:28:58'),
(7, '::1', 1, '2022-06-02 15:30:58', NULL, '2022-06-02 09:30:58', '2022-06-02 09:30:58'),
(8, '::1', 1, '2022-06-02 15:31:00', NULL, '2022-06-02 09:31:00', '2022-06-02 09:31:00'),
(9, '::1', 1, '2022-06-02 15:32:39', NULL, '2022-06-02 09:32:39', '2022-06-02 09:32:39'),
(10, '::1', 1, '2022-06-02 15:32:42', NULL, '2022-06-02 09:32:42', '2022-06-02 09:32:42'),
(11, '::1', 1, '2022-06-02 15:37:03', NULL, '2022-06-02 09:37:03', '2022-06-02 09:37:03'),
(12, '::1', 1, '2022-06-02 15:37:13', NULL, '2022-06-02 09:37:13', '2022-06-02 09:37:13'),
(13, '::1', 1, '2022-06-02 15:38:14', NULL, '2022-06-02 09:38:14', '2022-06-02 09:38:14'),
(14, '::1', 1, '2022-06-02 15:38:16', NULL, '2022-06-02 09:38:16', '2022-06-02 09:38:16'),
(15, '::1', 1, '2022-06-02 15:38:41', NULL, '2022-06-02 09:38:41', '2022-06-02 09:38:41'),
(16, '::1', 1, '2022-06-02 15:38:43', NULL, '2022-06-02 09:38:43', '2022-06-02 09:38:43'),
(17, '::1', 1, '2022-06-02 15:47:30', NULL, '2022-06-02 09:47:30', '2022-06-02 09:47:30'),
(18, '::1', 1, '2022-06-02 15:48:25', NULL, '2022-06-02 09:48:25', '2022-06-02 09:48:25'),
(19, '::1', 1, '2022-06-02 15:52:28', NULL, '2022-06-02 09:52:28', '2022-06-02 09:52:28'),
(20, '::1', 1, '2022-06-02 16:00:06', NULL, '2022-06-02 10:00:06', '2022-06-02 10:00:06'),
(21, '::1', 1, '2022-06-02 16:02:07', NULL, '2022-06-02 10:02:07', '2022-06-02 10:02:07'),
(22, '::1', 1, '2022-06-02 16:16:18', NULL, '2022-06-02 10:16:18', '2022-06-02 10:16:18'),
(23, '::1', 1, '2022-06-02 16:23:43', NULL, '2022-06-02 10:23:43', '2022-06-02 10:23:43'),
(24, '::1', 1, '2022-06-02 19:33:24', NULL, '2022-06-02 13:33:24', '2022-06-02 13:33:24'),
(25, '::1', 1, '2022-06-02 19:35:09', NULL, '2022-06-02 13:35:09', '2022-06-02 13:35:09'),
(26, '::1', 1, '2022-06-02 20:29:06', NULL, '2022-06-02 14:29:06', '2022-06-02 14:29:06'),
(27, '::1', 1, '2022-06-02 20:34:25', NULL, '2022-06-02 14:34:25', '2022-06-02 14:34:25'),
(28, '::1', 1, '2022-06-02 20:46:18', NULL, '2022-06-02 14:46:19', '2022-06-02 14:46:19'),
(29, '::1', 1, '2022-06-02 20:47:25', NULL, '2022-06-02 14:47:25', '2022-06-02 14:47:25'),
(30, '::1', 1, '2022-06-02 20:57:19', NULL, '2022-06-02 14:57:19', '2022-06-02 14:57:19'),
(31, '::1', 1, '2022-06-04 11:04:38', NULL, '2022-06-04 05:04:38', '2022-06-04 05:04:38'),
(32, '::1', 1, '2022-06-04 11:09:20', NULL, '2022-06-04 05:09:20', '2022-06-04 05:09:20'),
(33, '::1', 1, '2022-06-04 11:09:35', NULL, '2022-06-04 05:09:35', '2022-06-04 05:09:35'),
(34, '127.0.0.0', 1, '2022-06-04 11:09:48', NULL, '2022-06-04 05:09:48', '2022-06-04 05:09:48'),
(35, '127.0.0.0', 1, '2022-06-04 11:11:14', NULL, '2022-06-04 05:11:14', '2022-06-04 05:11:14'),
(36, '127.0.0.0', 1, '2022-06-04 11:11:26', NULL, '2022-06-04 05:11:26', '2022-06-04 05:11:26'),
(37, '127.0.0.0', 1, '2022-06-04 11:12:20', NULL, '2022-06-04 05:12:20', '2022-06-04 05:12:20'),
(38, '127.0.0.0', 1, '2022-06-04 11:12:32', NULL, '2022-06-04 05:12:32', '2022-06-04 05:12:32'),
(39, '::1', 1, '2022-06-04 11:13:09', NULL, '2022-06-04 05:13:09', '2022-06-04 05:13:09'),
(40, '127.0.0.0', 1, '2022-06-04 11:13:20', NULL, '2022-06-04 05:13:20', '2022-06-04 05:13:20'),
(41, '127.0.0.0', 1, '2022-06-04 11:13:44', NULL, '2022-06-04 05:13:44', '2022-06-04 05:13:44'),
(42, '127.0.0.0', 1, '2022-06-04 11:13:46', NULL, '2022-06-04 05:13:46', '2022-06-04 05:13:46'),
(43, '127.0.0.0', 1, '2022-06-04 11:16:21', NULL, '2022-06-04 05:16:21', '2022-06-04 05:16:21'),
(44, '127.0.0.0', 1, '2022-06-04 11:16:39', NULL, '2022-06-04 05:16:39', '2022-06-04 05:16:39'),
(45, '127.0.0.0', 1, '2022-06-04 11:19:09', NULL, '2022-06-04 05:19:09', '2022-06-04 05:19:09'),
(46, '127.0.0.0', 1, '2022-06-04 11:21:02', NULL, '2022-06-04 05:21:02', '2022-06-04 05:21:02'),
(47, '127.0.0.0', 1, '2022-06-04 11:21:07', NULL, '2022-06-04 05:21:07', '2022-06-04 05:21:07'),
(48, '127.0.0.0', 1, '2022-06-04 11:21:09', NULL, '2022-06-04 05:21:09', '2022-06-04 05:21:09'),
(49, '127.0.0.0', 1, '2022-06-04 11:21:26', NULL, '2022-06-04 05:21:26', '2022-06-04 05:21:26'),
(50, '127.0.0.0', 1, '2022-06-04 11:22:53', NULL, '2022-06-04 05:22:53', '2022-06-04 05:22:53'),
(51, '127.0.0.0', 1, '2022-06-04 11:24:19', NULL, '2022-06-04 05:24:19', '2022-06-04 05:24:19'),
(52, '127.0.0.0', 1, '2022-06-04 11:24:26', NULL, '2022-06-04 05:24:26', '2022-06-04 05:24:26'),
(53, '127.0.0.0', 1, '2022-06-04 11:25:20', NULL, '2022-06-04 05:25:20', '2022-06-04 05:25:20'),
(54, '127.0.0.0', 1, '2022-06-04 11:26:12', NULL, '2022-06-04 05:26:12', '2022-06-04 05:26:12'),
(55, '127.0.0.0', 1, '2022-06-04 11:26:34', NULL, '2022-06-04 05:26:34', '2022-06-04 05:26:34'),
(56, '127.0.0.0', 1, '2022-06-04 11:27:25', NULL, '2022-06-04 05:27:25', '2022-06-04 05:27:25'),
(57, '::1', 1, '2022-06-04 11:28:00', NULL, '2022-06-04 05:28:00', '2022-06-04 05:28:00'),
(58, '127.0.0.0', 1, '2022-06-04 11:28:04', NULL, '2022-06-04 05:28:04', '2022-06-04 05:28:04'),
(59, '127.0.0.0', 1, '2022-06-04 11:30:51', NULL, '2022-06-04 05:30:51', '2022-06-04 05:30:51'),
(60, '127.0.0.0', 1, '2022-06-04 11:31:41', NULL, '2022-06-04 05:31:41', '2022-06-04 05:31:41'),
(61, '127.0.0.0', 1, '2022-06-04 11:31:55', NULL, '2022-06-04 05:31:55', '2022-06-04 05:31:55'),
(62, '127.0.0.0', 1, '2022-06-04 11:33:41', NULL, '2022-06-04 05:33:41', '2022-06-04 05:33:41'),
(63, '127.0.0.0', 1, '2022-06-04 11:34:14', NULL, '2022-06-04 05:34:14', '2022-06-04 05:34:14'),
(64, '127.0.0.0', 1, '2022-06-04 11:42:24', NULL, '2022-06-04 05:42:24', '2022-06-04 05:42:24'),
(65, '::1', 1, '2022-06-04 11:45:14', NULL, '2022-06-04 05:45:14', '2022-06-04 05:45:14'),
(66, '::1', 1, '2022-06-04 11:50:17', NULL, '2022-06-04 05:50:17', '2022-06-04 05:50:17'),
(67, '::1', 1, '2022-06-04 12:00:01', NULL, '2022-06-04 06:00:01', '2022-06-04 06:00:01'),
(68, '::1', 1, '2022-06-04 12:00:46', NULL, '2022-06-04 06:00:47', '2022-06-04 06:00:47'),
(69, '::1', 1, '2022-06-04 12:02:31', NULL, '2022-06-04 06:02:31', '2022-06-04 06:02:31'),
(70, '::1', 1, '2022-06-04 12:03:19', NULL, '2022-06-04 06:03:19', '2022-06-04 06:03:19'),
(71, '::1', 1, '2022-06-04 12:03:47', NULL, '2022-06-04 06:03:47', '2022-06-04 06:03:47'),
(72, '::1', 1, '2022-06-04 12:04:49', NULL, '2022-06-04 06:04:49', '2022-06-04 06:04:49'),
(73, '::1', 1, '2022-06-04 12:05:15', NULL, '2022-06-04 06:05:15', '2022-06-04 06:05:15'),
(74, '::1', 1, '2022-06-04 12:05:42', NULL, '2022-06-04 06:05:42', '2022-06-04 06:05:42'),
(75, '::1', 1, '2022-06-04 12:05:55', NULL, '2022-06-04 06:05:55', '2022-06-04 06:05:55'),
(76, '::1', 1, '2022-06-04 12:18:10', NULL, '2022-06-04 06:18:10', '2022-06-04 06:18:10'),
(77, '::1', 1, '2022-06-04 12:19:36', NULL, '2022-06-04 06:19:36', '2022-06-04 06:19:36'),
(78, '::1', 1, '2022-06-04 12:20:43', NULL, '2022-06-04 06:20:43', '2022-06-04 06:20:43'),
(79, '::1', 1, '2022-06-04 12:21:15', NULL, '2022-06-04 06:21:15', '2022-06-04 06:21:15'),
(80, '::1', 1, '2022-06-04 12:21:59', NULL, '2022-06-04 06:21:59', '2022-06-04 06:21:59'),
(81, '::1', 1, '2022-06-04 12:22:18', NULL, '2022-06-04 06:22:18', '2022-06-04 06:22:18'),
(82, '::1', 1, '2022-06-04 12:24:58', NULL, '2022-06-04 06:24:58', '2022-06-04 06:24:58'),
(83, '::1', 1, '2022-06-04 12:26:53', NULL, '2022-06-04 06:26:53', '2022-06-04 06:26:53'),
(84, '::1', 1, '2022-06-04 12:27:12', NULL, '2022-06-04 06:27:12', '2022-06-04 06:27:12'),
(85, '::1', 1, '2022-06-04 12:27:35', NULL, '2022-06-04 06:27:35', '2022-06-04 06:27:35'),
(86, '::1', 1, '2022-06-04 12:30:46', NULL, '2022-06-04 06:30:46', '2022-06-04 06:30:46'),
(87, '::1', 1, '2022-06-04 12:31:37', NULL, '2022-06-04 06:31:37', '2022-06-04 06:31:37'),
(88, '::1', 1, '2022-06-04 12:33:16', NULL, '2022-06-04 06:33:16', '2022-06-04 06:33:16'),
(89, '::1', 1, '2022-06-04 12:34:30', NULL, '2022-06-04 06:34:30', '2022-06-04 06:34:30'),
(90, '::1', 1, '2022-06-04 12:34:53', NULL, '2022-06-04 06:34:53', '2022-06-04 06:34:53'),
(91, '::1', 1, '2022-06-04 12:39:07', NULL, '2022-06-04 06:39:07', '2022-06-04 06:39:07'),
(92, '::1', 1, '2022-06-04 12:44:28', NULL, '2022-06-04 06:44:28', '2022-06-04 06:44:28'),
(93, '::1', 1, '2022-06-04 12:45:50', NULL, '2022-06-04 06:45:50', '2022-06-04 06:45:50'),
(94, '::1', 1, '2022-06-04 12:47:37', NULL, '2022-06-04 06:47:37', '2022-06-04 06:47:37'),
(95, '::1', 1, '2022-06-04 12:56:21', NULL, '2022-06-04 06:56:21', '2022-06-04 06:56:21'),
(96, '::1', 1, '2022-06-04 12:57:23', NULL, '2022-06-04 06:57:23', '2022-06-04 06:57:23'),
(97, '::1', 1, '2022-06-04 13:05:32', NULL, '2022-06-04 07:05:32', '2022-06-04 07:05:32'),
(98, '::1', 1, '2022-06-04 13:06:18', NULL, '2022-06-04 07:06:18', '2022-06-04 07:06:18'),
(99, '::1', 1, '2022-06-04 13:07:35', NULL, '2022-06-04 07:07:35', '2022-06-04 07:07:35'),
(100, '::1', 1, '2022-06-04 13:07:36', NULL, '2022-06-04 07:07:36', '2022-06-04 07:07:36'),
(101, '::1', 1, '2022-06-04 13:09:15', NULL, '2022-06-04 07:09:15', '2022-06-04 07:09:15'),
(102, '::1', 1, '2022-06-04 13:09:16', NULL, '2022-06-04 07:09:16', '2022-06-04 07:09:16'),
(103, '::1', 1, '2022-06-04 13:11:25', NULL, '2022-06-04 07:11:25', '2022-06-04 07:11:25'),
(104, '::1', 1, '2022-06-04 13:13:31', NULL, '2022-06-04 07:13:31', '2022-06-04 07:13:31'),
(105, '::1', 1, '2022-06-04 13:13:32', NULL, '2022-06-04 07:13:32', '2022-06-04 07:13:32'),
(106, '::1', 1, '2022-06-04 14:37:15', NULL, '2022-06-04 08:37:15', '2022-06-04 08:37:15'),
(107, '::1', 1, '2022-06-04 14:40:21', NULL, '2022-06-04 08:40:21', '2022-06-04 08:40:21'),
(108, '::1', 1, '2022-06-04 14:40:57', NULL, '2022-06-04 08:40:57', '2022-06-04 08:40:57'),
(109, '::1', 1, '2022-06-04 14:42:11', NULL, '2022-06-04 08:42:11', '2022-06-04 08:42:11'),
(110, '::1', 1, '2022-06-04 14:42:13', NULL, '2022-06-04 08:42:13', '2022-06-04 08:42:13'),
(111, '::1', 1, '2022-06-04 14:42:41', NULL, '2022-06-04 08:42:41', '2022-06-04 08:42:41'),
(112, '::1', 1, '2022-06-04 14:43:29', NULL, '2022-06-04 08:43:29', '2022-06-04 08:43:29'),
(113, '::1', 1, '2022-06-04 14:45:02', NULL, '2022-06-04 08:45:02', '2022-06-04 08:45:02'),
(114, '::1', 1, '2022-06-04 14:45:04', NULL, '2022-06-04 08:45:04', '2022-06-04 08:45:04'),
(115, '::1', 1, '2022-06-04 14:47:05', NULL, '2022-06-04 08:47:05', '2022-06-04 08:47:05'),
(116, '::1', 1, '2022-06-04 14:47:07', NULL, '2022-06-04 08:47:07', '2022-06-04 08:47:07'),
(117, '::1', 1, '2022-06-04 14:47:30', NULL, '2022-06-04 08:47:30', '2022-06-04 08:47:30'),
(118, '::1', 1, '2022-06-04 14:49:29', NULL, '2022-06-04 08:49:29', '2022-06-04 08:49:29'),
(119, '::1', 1, '2022-06-04 14:50:29', NULL, '2022-06-04 08:50:29', '2022-06-04 08:50:29'),
(120, '::1', 1, '2022-06-04 14:50:45', NULL, '2022-06-04 08:50:45', '2022-06-04 08:50:45'),
(121, '::1', 1, '2022-06-04 14:52:02', NULL, '2022-06-04 08:52:02', '2022-06-04 08:52:02'),
(122, '::1', 1, '2022-06-04 14:53:21', NULL, '2022-06-04 08:53:21', '2022-06-04 08:53:21'),
(123, '::1', 1, '2022-06-04 14:53:45', NULL, '2022-06-04 08:53:45', '2022-06-04 08:53:45'),
(124, '::1', 1, '2022-06-04 14:54:05', NULL, '2022-06-04 08:54:05', '2022-06-04 08:54:05'),
(125, '::1', 1, '2022-06-04 14:54:09', NULL, '2022-06-04 08:54:10', '2022-06-04 08:54:10'),
(126, '::1', 1, '2022-06-04 14:54:36', NULL, '2022-06-04 08:54:36', '2022-06-04 08:54:36'),
(127, '::1', 1, '2022-06-04 14:55:06', NULL, '2022-06-04 08:55:06', '2022-06-04 08:55:06'),
(128, '::1', 1, '2022-06-04 14:55:59', NULL, '2022-06-04 08:55:59', '2022-06-04 08:55:59'),
(129, '::1', 1, '2022-06-04 14:57:06', NULL, '2022-06-04 08:57:07', '2022-06-04 08:57:07'),
(130, '::1', 1, '2022-06-04 14:58:05', NULL, '2022-06-04 08:58:05', '2022-06-04 08:58:05'),
(131, '::1', 1, '2022-06-04 14:58:23', NULL, '2022-06-04 08:58:23', '2022-06-04 08:58:23'),
(132, '::1', 1, '2022-06-04 14:59:21', NULL, '2022-06-04 08:59:21', '2022-06-04 08:59:21'),
(133, '::1', 1, '2022-06-04 14:59:57', NULL, '2022-06-04 08:59:57', '2022-06-04 08:59:57'),
(134, '::1', 1, '2022-06-04 15:02:13', NULL, '2022-06-04 09:02:13', '2022-06-04 09:02:13'),
(135, '::1', 1, '2022-06-04 15:02:58', NULL, '2022-06-04 09:02:58', '2022-06-04 09:02:58'),
(136, '::1', 1, '2022-06-04 15:03:12', NULL, '2022-06-04 09:03:12', '2022-06-04 09:03:12'),
(137, '::1', 1, '2022-06-04 15:14:08', NULL, '2022-06-04 09:14:08', '2022-06-04 09:14:08'),
(138, '127.0.0.0', 1, '2022-06-04 15:14:17', NULL, '2022-06-04 09:14:17', '2022-06-04 09:14:17'),
(139, '127.0.0.0', 1, '2022-06-04 15:17:26', NULL, '2022-06-04 09:17:26', '2022-06-04 09:17:26'),
(140, '127.0.0.0', 1, '2022-06-04 15:17:42', NULL, '2022-06-04 09:17:42', '2022-06-04 09:17:42'),
(141, '::1', 1, '2022-06-04 15:23:05', NULL, '2022-06-04 09:23:05', '2022-06-04 09:23:05'),
(142, '::1', 1, '2022-06-04 15:23:08', NULL, '2022-06-04 09:23:08', '2022-06-04 09:23:08'),
(143, '::1', 1, '2022-06-04 15:23:51', NULL, '2022-06-04 09:23:51', '2022-06-04 09:23:51'),
(144, '::1', 1, '2022-06-04 15:23:52', NULL, '2022-06-04 09:23:52', '2022-06-04 09:23:52'),
(145, '127.0.0.0', 1, '2022-06-04 15:24:04', NULL, '2022-06-04 09:24:04', '2022-06-04 09:24:04'),
(146, '::1', 1, '2022-06-04 15:26:41', NULL, '2022-06-04 09:26:41', '2022-06-04 09:26:41'),
(147, '::1', 1, '2022-06-04 15:26:54', NULL, '2022-06-04 09:26:54', '2022-06-04 09:26:54'),
(148, '::1', 1, '2022-06-04 15:28:15', NULL, '2022-06-04 09:28:15', '2022-06-04 09:28:15'),
(149, '::1', 1, '2022-06-04 15:28:54', NULL, '2022-06-04 09:28:54', '2022-06-04 09:28:54'),
(150, '::1', 1, '2022-06-04 15:29:51', NULL, '2022-06-04 09:29:51', '2022-06-04 09:29:51'),
(151, '::1', 1, '2022-06-04 15:29:52', NULL, '2022-06-04 09:29:52', '2022-06-04 09:29:52'),
(152, '::1', 1, '2022-06-04 15:50:38', NULL, '2022-06-04 09:50:38', '2022-06-04 09:50:38'),
(153, '::1', 1, '2022-06-04 15:52:19', NULL, '2022-06-04 09:52:19', '2022-06-04 09:52:19'),
(154, '::1', 1, '2022-06-04 16:11:59', NULL, '2022-06-04 10:11:59', '2022-06-04 10:11:59'),
(155, '::1', 1, '2022-06-04 16:15:18', NULL, '2022-06-04 10:15:18', '2022-06-04 10:15:18'),
(156, '::1', 1, '2022-06-04 16:23:16', NULL, '2022-06-04 10:23:16', '2022-06-04 10:23:16'),
(157, '::1', 1, '2022-06-04 16:25:00', NULL, '2022-06-04 10:25:00', '2022-06-04 10:25:00'),
(158, '127.0.0.0', 1, '2022-06-04 17:12:12', NULL, '2022-06-04 11:12:12', '2022-06-04 11:12:12'),
(159, '127.0.0.0', 1, '2022-06-04 17:48:30', NULL, '2022-06-04 11:48:30', '2022-06-04 11:48:30'),
(160, '::1', 1, '2022-06-04 17:58:17', NULL, '2022-06-04 11:58:17', '2022-06-04 11:58:17'),
(161, '127.0.0.0', 1, '2022-06-04 21:02:14', NULL, '2022-06-04 15:02:14', '2022-06-04 15:02:14'),
(162, '::1', 1, '2022-06-04 21:11:41', NULL, '2022-06-04 15:11:41', '2022-06-04 15:11:41'),
(163, '127.0.0.0', 1, '2022-06-04 21:14:57', NULL, '2022-06-04 15:14:57', '2022-06-04 15:14:57'),
(164, '127.0.0.0', 1, '2022-06-04 21:15:03', NULL, '2022-06-04 15:15:03', '2022-06-04 15:15:03'),
(165, '::1', 1, '2022-06-04 21:18:28', NULL, '2022-06-04 15:18:28', '2022-06-04 15:18:28'),
(166, '::1', 1, '2022-06-04 21:23:28', NULL, '2022-06-04 15:23:28', '2022-06-04 15:23:28'),
(167, '::1', 1, '2022-06-04 21:23:31', NULL, '2022-06-04 15:23:31', '2022-06-04 15:23:31'),
(168, '::1', 1, '2022-06-04 21:23:34', NULL, '2022-06-04 15:23:34', '2022-06-04 15:23:34'),
(169, '::1', 1, '2022-06-04 21:23:37', NULL, '2022-06-04 15:23:37', '2022-06-04 15:23:37'),
(170, '::1', 1, '2022-06-04 21:23:40', NULL, '2022-06-04 15:23:40', '2022-06-04 15:23:40'),
(171, '::1', 1, '2022-06-04 21:31:52', NULL, '2022-06-04 15:31:52', '2022-06-04 15:31:52'),
(172, '::1', 1, '2022-06-05 11:25:29', NULL, '2022-06-05 05:25:29', '2022-06-05 05:25:29'),
(173, '::1', 1, '2022-06-05 11:26:20', NULL, '2022-06-05 05:26:20', '2022-06-05 05:26:20'),
(174, '::1', 1, '2022-06-05 11:53:07', NULL, '2022-06-05 05:53:07', '2022-06-05 05:53:07'),
(175, '::1', 1, '2022-06-05 14:18:22', NULL, '2022-06-05 08:18:22', '2022-06-05 08:18:22'),
(176, '::1', 1, '2022-06-05 14:18:46', NULL, '2022-06-05 08:18:46', '2022-06-05 08:18:46'),
(177, '::1', 1, '2022-06-05 14:19:06', NULL, '2022-06-05 08:19:06', '2022-06-05 08:19:06'),
(178, '::1', 1, '2022-06-05 14:20:06', NULL, '2022-06-05 08:20:06', '2022-06-05 08:20:06'),
(179, '::1', 1, '2022-06-05 17:22:07', NULL, '2022-06-05 11:22:07', '2022-06-05 11:22:07'),
(180, '::1', 1, '2022-06-05 17:27:21', NULL, '2022-06-05 11:27:21', '2022-06-05 11:27:21'),
(181, '::1', 1, '2022-06-05 17:27:37', NULL, '2022-06-05 11:27:37', '2022-06-05 11:27:37'),
(182, '::1', 1, '2022-06-05 17:34:45', NULL, '2022-06-05 11:34:45', '2022-06-05 11:34:45'),
(183, '::1', 1, '2022-06-05 17:35:59', NULL, '2022-06-05 11:35:59', '2022-06-05 11:35:59'),
(184, '::1', 1, '2022-06-05 17:36:54', NULL, '2022-06-05 11:36:54', '2022-06-05 11:36:54'),
(185, '::1', 1, '2022-06-05 17:37:16', NULL, '2022-06-05 11:37:16', '2022-06-05 11:37:16'),
(186, '::1', 1, '2022-06-05 19:16:25', NULL, '2022-06-05 13:16:25', '2022-06-05 13:16:25'),
(187, '::1', 1, '2022-06-05 19:38:40', NULL, '2022-06-05 13:38:40', '2022-06-05 13:38:40'),
(188, '::1', 1, '2022-06-05 19:39:13', NULL, '2022-06-05 13:39:13', '2022-06-05 13:39:13'),
(189, '::1', 1, '2022-06-05 19:40:39', NULL, '2022-06-05 13:40:39', '2022-06-05 13:40:39'),
(190, '::1', 1, '2022-06-05 19:40:42', NULL, '2022-06-05 13:40:42', '2022-06-05 13:40:42'),
(191, '::1', 1, '2022-06-05 19:41:29', NULL, '2022-06-05 13:41:29', '2022-06-05 13:41:29'),
(192, '::1', 1, '2022-06-05 19:45:52', NULL, '2022-06-05 13:45:52', '2022-06-05 13:45:52'),
(193, '::1', 1, '2022-06-05 19:46:20', NULL, '2022-06-05 13:46:20', '2022-06-05 13:46:20'),
(194, '::1', 1, '2022-06-05 19:47:19', NULL, '2022-06-05 13:47:19', '2022-06-05 13:47:19'),
(195, '::1', 1, '2022-06-05 19:48:37', NULL, '2022-06-05 13:48:37', '2022-06-05 13:48:37'),
(196, '::1', 1, '2022-06-05 19:48:45', NULL, '2022-06-05 13:48:45', '2022-06-05 13:48:45'),
(197, '::1', 1, '2022-06-05 19:50:02', NULL, '2022-06-05 13:50:02', '2022-06-05 13:50:02'),
(198, '::1', 1, '2022-06-05 19:50:19', NULL, '2022-06-05 13:50:19', '2022-06-05 13:50:19'),
(199, '::1', 1, '2022-06-05 19:50:49', NULL, '2022-06-05 13:50:49', '2022-06-05 13:50:49'),
(200, '::1', 1, '2022-06-05 19:53:10', NULL, '2022-06-05 13:53:10', '2022-06-05 13:53:10'),
(201, '::1', 1, '2022-06-05 19:53:36', NULL, '2022-06-05 13:53:36', '2022-06-05 13:53:36'),
(202, '::1', 1, '2022-06-05 19:55:32', NULL, '2022-06-05 13:55:32', '2022-06-05 13:55:32'),
(203, '::1', 1, '2022-06-05 19:56:54', NULL, '2022-06-05 13:56:54', '2022-06-05 13:56:54'),
(204, '::1', 1, '2022-06-05 19:57:12', NULL, '2022-06-05 13:57:12', '2022-06-05 13:57:12'),
(205, '::1', 1, '2022-06-05 19:57:23', NULL, '2022-06-05 13:57:23', '2022-06-05 13:57:23'),
(206, '::1', 1, '2022-06-05 19:57:40', NULL, '2022-06-05 13:57:40', '2022-06-05 13:57:40'),
(207, '::1', 1, '2022-06-05 19:58:46', NULL, '2022-06-05 13:58:46', '2022-06-05 13:58:46'),
(208, '::1', 1, '2022-06-05 19:59:04', NULL, '2022-06-05 13:59:04', '2022-06-05 13:59:04'),
(209, '::1', 1, '2022-06-05 19:59:41', NULL, '2022-06-05 13:59:41', '2022-06-05 13:59:41'),
(210, '::1', 1, '2022-06-05 20:01:56', NULL, '2022-06-05 14:01:56', '2022-06-05 14:01:56'),
(211, '::1', 1, '2022-06-05 20:02:30', NULL, '2022-06-05 14:02:30', '2022-06-05 14:02:30'),
(212, '127.0.0.0', 1, '2022-06-06 10:46:59', NULL, '2022-06-06 04:46:59', '2022-06-06 04:46:59'),
(213, '::1', 1, '2022-06-06 10:49:54', NULL, '2022-06-06 04:49:54', '2022-06-06 04:49:54'),
(214, '127.0.0.0', 1, '2022-06-06 10:49:57', NULL, '2022-06-06 04:49:57', '2022-06-06 04:49:57'),
(215, '127.0.0.0', 1, '2022-06-06 10:50:05', NULL, '2022-06-06 04:50:05', '2022-06-06 04:50:05'),
(216, '127.0.0.0', 1, '2022-06-06 10:50:07', NULL, '2022-06-06 04:50:07', '2022-06-06 04:50:07'),
(217, '127.0.0.0', 1, '2022-06-06 10:50:15', NULL, '2022-06-06 04:50:15', '2022-06-06 04:50:15'),
(218, '::1', 1, '2022-06-06 11:12:24', NULL, '2022-06-06 05:12:25', '2022-06-06 05:12:25'),
(219, '::1', 1, '2022-06-06 11:13:11', NULL, '2022-06-06 05:13:11', '2022-06-06 05:13:11'),
(220, '::1', 1, '2022-06-06 11:13:20', NULL, '2022-06-06 05:13:20', '2022-06-06 05:13:20'),
(221, '127.0.0.0', 1, '2022-06-06 11:13:50', NULL, '2022-06-06 05:13:50', '2022-06-06 05:13:50'),
(222, '::1', 1, '2022-06-06 11:14:36', NULL, '2022-06-06 05:14:36', '2022-06-06 05:14:36'),
(223, '127.0.0.0', 1, '2022-06-06 11:15:47', NULL, '2022-06-06 05:15:47', '2022-06-06 05:15:47'),
(224, '::1', 1, '2022-06-06 11:31:13', NULL, '2022-06-06 05:31:13', '2022-06-06 05:31:13'),
(225, '::1', 1, '2022-06-06 11:37:51', NULL, '2022-06-06 05:37:51', '2022-06-06 05:37:51'),
(226, '::1', 1, '2022-06-06 11:38:41', NULL, '2022-06-06 05:38:41', '2022-06-06 05:38:41'),
(227, '::1', 1, '2022-06-06 11:38:58', NULL, '2022-06-06 05:38:58', '2022-06-06 05:38:58'),
(228, '::1', 1, '2022-06-06 11:39:49', NULL, '2022-06-06 05:39:49', '2022-06-06 05:39:49'),
(229, '::1', 1, '2022-06-06 11:40:10', NULL, '2022-06-06 05:40:10', '2022-06-06 05:40:10'),
(230, '::1', 1, '2022-06-06 11:57:34', NULL, '2022-06-06 05:57:34', '2022-06-06 05:57:34'),
(231, '::1', 1, '2022-06-06 12:55:42', NULL, '2022-06-06 06:55:43', '2022-06-06 06:55:43'),
(232, '::1', 1, '2022-06-06 13:02:02', NULL, '2022-06-06 07:02:02', '2022-06-06 07:02:02'),
(233, '::1', 1, '2022-06-06 13:03:40', NULL, '2022-06-06 07:03:40', '2022-06-06 07:03:40'),
(234, '::1', 1, '2022-06-06 13:41:48', NULL, '2022-06-06 07:41:48', '2022-06-06 07:41:48'),
(235, '::1', 1, '2022-06-06 13:41:51', NULL, '2022-06-06 07:41:51', '2022-06-06 07:41:51'),
(236, '::1', 1, '2022-06-06 13:50:27', NULL, '2022-06-06 07:50:27', '2022-06-06 07:50:27'),
(237, '::1', 1, '2022-06-06 13:50:35', NULL, '2022-06-06 07:50:35', '2022-06-06 07:50:35'),
(238, '::1', 1, '2022-06-06 13:50:37', NULL, '2022-06-06 07:50:37', '2022-06-06 07:50:37'),
(239, '::1', 1, '2022-06-06 13:51:07', NULL, '2022-06-06 07:51:07', '2022-06-06 07:51:07'),
(240, '::1', 1, '2022-06-06 13:51:23', NULL, '2022-06-06 07:51:23', '2022-06-06 07:51:23'),
(241, '::1', 1, '2022-06-06 13:59:48', NULL, '2022-06-06 07:59:48', '2022-06-06 07:59:48'),
(242, '::1', 1, '2022-06-06 14:02:13', NULL, '2022-06-06 08:02:13', '2022-06-06 08:02:13'),
(243, '::1', 1, '2022-06-06 14:04:49', NULL, '2022-06-06 08:04:49', '2022-06-06 08:04:49'),
(244, '::1', 1, '2022-06-06 14:05:16', NULL, '2022-06-06 08:05:16', '2022-06-06 08:05:16'),
(245, '::1', 1, '2022-06-06 14:06:04', NULL, '2022-06-06 08:06:04', '2022-06-06 08:06:04'),
(246, '::1', 1, '2022-06-06 15:30:14', NULL, '2022-06-06 09:30:14', '2022-06-06 09:30:14'),
(247, '::1', 1, '2022-06-06 15:34:19', NULL, '2022-06-06 09:34:19', '2022-06-06 09:34:19'),
(248, '::1', 1, '2022-06-06 15:54:23', NULL, '2022-06-06 09:54:23', '2022-06-06 09:54:23'),
(249, '::1', 1, '2022-06-06 17:53:41', NULL, '2022-06-06 11:53:41', '2022-06-06 11:53:41'),
(250, '::1', 1, '2022-06-06 17:57:50', NULL, '2022-06-06 11:57:50', '2022-06-06 11:57:50'),
(251, '::1', 1, '2022-06-06 17:58:27', NULL, '2022-06-06 11:58:27', '2022-06-06 11:58:27'),
(252, '::1', 1, '2022-06-06 17:59:38', NULL, '2022-06-06 11:59:38', '2022-06-06 11:59:38'),
(253, '::1', 1, '2022-06-06 18:02:41', NULL, '2022-06-06 12:02:41', '2022-06-06 12:02:41'),
(254, '::1', 1, '2022-06-06 18:03:06', NULL, '2022-06-06 12:03:06', '2022-06-06 12:03:06'),
(255, '::1', 1, '2022-06-06 18:06:24', NULL, '2022-06-06 12:06:24', '2022-06-06 12:06:24'),
(256, '::1', 1, '2022-06-06 18:19:29', NULL, '2022-06-06 12:19:29', '2022-06-06 12:19:29'),
(257, '::1', 1, '2022-06-06 18:20:58', NULL, '2022-06-06 12:20:58', '2022-06-06 12:20:58'),
(258, '::1', 1, '2022-06-06 18:31:59', NULL, '2022-06-06 12:31:59', '2022-06-06 12:31:59'),
(259, '::1', 1, '2022-06-06 18:33:01', NULL, '2022-06-06 12:33:01', '2022-06-06 12:33:01'),
(260, '::1', 1, '2022-06-06 18:37:08', NULL, '2022-06-06 12:37:08', '2022-06-06 12:37:08'),
(261, '::1', 1, '2022-06-06 18:39:47', NULL, '2022-06-06 12:39:47', '2022-06-06 12:39:47'),
(262, '::1', 1, '2022-06-06 18:44:02', NULL, '2022-06-06 12:44:02', '2022-06-06 12:44:02'),
(263, '::1', 1, '2022-06-06 18:58:50', NULL, '2022-06-06 12:58:50', '2022-06-06 12:58:50'),
(264, '::1', 1, '2022-06-06 18:59:56', NULL, '2022-06-06 12:59:56', '2022-06-06 12:59:56'),
(265, '::1', 1, '2022-06-06 19:00:05', NULL, '2022-06-06 13:00:05', '2022-06-06 13:00:05'),
(266, '::1', 1, '2022-06-06 19:00:13', NULL, '2022-06-06 13:00:13', '2022-06-06 13:00:13'),
(267, '::1', 1, '2022-06-06 19:00:19', NULL, '2022-06-06 13:00:19', '2022-06-06 13:00:19'),
(268, '::1', 1, '2022-06-06 19:00:23', NULL, '2022-06-06 13:00:23', '2022-06-06 13:00:23'),
(269, '127.0.0.0', 1, '2022-06-06 19:33:58', NULL, '2022-06-06 13:33:59', '2022-06-06 13:33:59'),
(270, '::1', 1, '2022-06-06 19:34:40', NULL, '2022-06-06 13:34:40', '2022-06-06 13:34:40'),
(271, '::1', 1, '2022-06-06 19:34:44', NULL, '2022-06-06 13:34:44', '2022-06-06 13:34:44'),
(272, '::1', 1, '2022-06-06 19:35:22', NULL, '2022-06-06 13:35:22', '2022-06-06 13:35:22'),
(273, '::1', 1, '2022-06-06 19:35:42', NULL, '2022-06-06 13:35:42', '2022-06-06 13:35:42'),
(274, '::1', 1, '2022-06-06 19:37:34', NULL, '2022-06-06 13:37:34', '2022-06-06 13:37:34'),
(275, '::1', 1, '2022-06-06 19:37:47', NULL, '2022-06-06 13:37:47', '2022-06-06 13:37:47'),
(276, '::1', 1, '2022-06-06 19:37:52', NULL, '2022-06-06 13:37:52', '2022-06-06 13:37:52'),
(277, '::1', 1, '2022-06-06 19:37:55', NULL, '2022-06-06 13:37:55', '2022-06-06 13:37:55'),
(278, '::1', 1, '2022-06-06 19:38:04', NULL, '2022-06-06 13:38:04', '2022-06-06 13:38:04'),
(279, '::1', 1, '2022-06-06 19:38:07', NULL, '2022-06-06 13:38:07', '2022-06-06 13:38:07'),
(280, '::1', 1, '2022-06-06 19:38:27', NULL, '2022-06-06 13:38:27', '2022-06-06 13:38:27'),
(281, '::1', 1, '2022-06-06 19:38:31', NULL, '2022-06-06 13:38:31', '2022-06-06 13:38:31'),
(282, '::1', 1, '2022-06-06 19:39:21', NULL, '2022-06-06 13:39:21', '2022-06-06 13:39:21'),
(283, '::1', 1, '2022-06-06 19:40:06', NULL, '2022-06-06 13:40:06', '2022-06-06 13:40:06'),
(284, '::1', 1, '2022-06-06 19:40:10', NULL, '2022-06-06 13:40:10', '2022-06-06 13:40:10'),
(285, '::1', 1, '2022-06-06 19:40:14', NULL, '2022-06-06 13:40:14', '2022-06-06 13:40:14'),
(286, '::1', 1, '2022-06-06 19:40:18', NULL, '2022-06-06 13:40:18', '2022-06-06 13:40:18'),
(287, '::1', 1, '2022-06-06 19:40:22', NULL, '2022-06-06 13:40:22', '2022-06-06 13:40:22'),
(288, '::1', 1, '2022-06-06 19:40:27', NULL, '2022-06-06 13:40:27', '2022-06-06 13:40:27'),
(289, '::1', 1, '2022-06-06 19:40:31', NULL, '2022-06-06 13:40:31', '2022-06-06 13:40:31'),
(290, '::1', 1, '2022-06-06 19:41:01', NULL, '2022-06-06 13:41:01', '2022-06-06 13:41:01'),
(291, '::1', 1, '2022-06-06 19:41:34', NULL, '2022-06-06 13:41:34', '2022-06-06 13:41:34'),
(292, '::1', 1, '2022-06-06 19:41:41', NULL, '2022-06-06 13:41:41', '2022-06-06 13:41:41'),
(293, '::1', 1, '2022-06-06 19:42:19', NULL, '2022-06-06 13:42:19', '2022-06-06 13:42:19'),
(294, '::1', 1, '2022-06-06 19:43:37', NULL, '2022-06-06 13:43:37', '2022-06-06 13:43:37'),
(295, '::1', 1, '2022-06-06 19:44:33', NULL, '2022-06-06 13:44:33', '2022-06-06 13:44:33'),
(296, '::1', 1, '2022-06-06 19:45:33', NULL, '2022-06-06 13:45:33', '2022-06-06 13:45:33'),
(297, '::1', 1, '2022-06-06 19:46:54', NULL, '2022-06-06 13:46:54', '2022-06-06 13:46:54'),
(298, '::1', 1, '2022-06-06 19:49:27', NULL, '2022-06-06 13:49:27', '2022-06-06 13:49:27'),
(299, '::1', 1, '2022-06-06 19:49:35', NULL, '2022-06-06 13:49:35', '2022-06-06 13:49:35'),
(300, '::1', 1, '2022-06-06 19:49:50', NULL, '2022-06-06 13:49:50', '2022-06-06 13:49:50'),
(301, '::1', 1, '2022-06-06 19:49:54', NULL, '2022-06-06 13:49:54', '2022-06-06 13:49:54'),
(302, '::1', 1, '2022-06-06 19:49:58', NULL, '2022-06-06 13:49:58', '2022-06-06 13:49:58'),
(303, '::1', 1, '2022-06-06 19:51:20', NULL, '2022-06-06 13:51:20', '2022-06-06 13:51:20'),
(304, '::1', 1, '2022-06-06 19:51:23', NULL, '2022-06-06 13:51:23', '2022-06-06 13:51:23'),
(305, '::1', 1, '2022-06-06 19:51:28', NULL, '2022-06-06 13:51:28', '2022-06-06 13:51:28'),
(306, '::1', 1, '2022-06-06 19:51:31', NULL, '2022-06-06 13:51:31', '2022-06-06 13:51:31'),
(307, '::1', 1, '2022-06-06 19:51:34', NULL, '2022-06-06 13:51:34', '2022-06-06 13:51:34'),
(308, '::1', 1, '2022-06-06 19:51:37', NULL, '2022-06-06 13:51:37', '2022-06-06 13:51:37'),
(309, '::1', 1, '2022-06-06 19:52:12', NULL, '2022-06-06 13:52:12', '2022-06-06 13:52:12'),
(310, '::1', 1, '2022-06-06 19:53:07', NULL, '2022-06-06 13:53:07', '2022-06-06 13:53:07'),
(311, '::1', 1, '2022-06-06 19:53:12', NULL, '2022-06-06 13:53:12', '2022-06-06 13:53:12'),
(312, '::1', 1, '2022-06-06 19:53:16', NULL, '2022-06-06 13:53:16', '2022-06-06 13:53:16'),
(313, '::1', 1, '2022-06-06 19:53:20', NULL, '2022-06-06 13:53:20', '2022-06-06 13:53:20'),
(314, '::1', 1, '2022-06-06 19:53:24', NULL, '2022-06-06 13:53:24', '2022-06-06 13:53:24'),
(315, '::1', 1, '2022-06-06 19:53:59', NULL, '2022-06-06 13:53:59', '2022-06-06 13:53:59'),
(316, '127.0.0.0', 1, '2022-06-06 19:54:15', NULL, '2022-06-06 13:54:15', '2022-06-06 13:54:15'),
(317, '127.0.0.0', 1, '2022-06-06 19:54:27', NULL, '2022-06-06 13:54:27', '2022-06-06 13:54:27'),
(318, '::1', 1, '2022-06-06 19:54:43', NULL, '2022-06-06 13:54:43', '2022-06-06 13:54:43'),
(319, '127.0.0.0', 1, '2022-06-06 19:54:56', NULL, '2022-06-06 13:54:56', '2022-06-06 13:54:56'),
(320, '127.0.0.0', 1, '2022-06-06 19:55:02', NULL, '2022-06-06 13:55:02', '2022-06-06 13:55:02'),
(321, '127.0.0.0', 1, '2022-06-06 19:55:06', NULL, '2022-06-06 13:55:06', '2022-06-06 13:55:06'),
(322, '127.0.0.0', 1, '2022-06-06 19:55:09', NULL, '2022-06-06 13:55:09', '2022-06-06 13:55:09'),
(323, '127.0.0.0', 1, '2022-06-06 19:55:33', NULL, '2022-06-06 13:55:33', '2022-06-06 13:55:33'),
(324, '127.0.0.0', 1, '2022-06-06 19:55:46', NULL, '2022-06-06 13:55:46', '2022-06-06 13:55:46'),
(325, '127.0.0.0', 1, '2022-06-06 19:55:49', NULL, '2022-06-06 13:55:49', '2022-06-06 13:55:49'),
(326, '127.0.0.0', 1, '2022-06-06 19:56:49', NULL, '2022-06-06 13:56:49', '2022-06-06 13:56:49'),
(327, '127.0.0.0', 1, '2022-06-06 19:56:52', NULL, '2022-06-06 13:56:52', '2022-06-06 13:56:52'),
(328, '127.0.0.0', 1, '2022-06-06 19:56:59', NULL, '2022-06-06 13:56:59', '2022-06-06 13:56:59'),
(329, '127.0.0.0', 1, '2022-06-06 19:57:01', NULL, '2022-06-06 13:57:01', '2022-06-06 13:57:01'),
(330, '::1', 1, '2022-06-06 19:57:50', NULL, '2022-06-06 13:57:50', '2022-06-06 13:57:50'),
(331, '::1', 1, '2022-06-06 19:57:55', NULL, '2022-06-06 13:57:55', '2022-06-06 13:57:55'),
(332, '::1', 1, '2022-06-06 19:57:58', NULL, '2022-06-06 13:57:58', '2022-06-06 13:57:58'),
(333, '::1', 1, '2022-06-06 19:58:02', NULL, '2022-06-06 13:58:02', '2022-06-06 13:58:02'),
(334, '127.0.0.0', 1, '2022-06-06 19:58:07', NULL, '2022-06-06 13:58:07', '2022-06-06 13:58:07'),
(335, '127.0.0.0', 1, '2022-06-06 19:58:22', NULL, '2022-06-06 13:58:22', '2022-06-06 13:58:22'),
(336, '127.0.0.0', 1, '2022-06-06 19:58:28', NULL, '2022-06-06 13:58:28', '2022-06-06 13:58:28'),
(337, '127.0.0.0', 1, '2022-06-06 19:58:31', NULL, '2022-06-06 13:58:31', '2022-06-06 13:58:31'),
(338, '127.0.0.0', 1, '2022-06-06 19:58:52', NULL, '2022-06-06 13:58:52', '2022-06-06 13:58:52'),
(339, '127.0.0.0', 1, '2022-06-06 19:58:55', NULL, '2022-06-06 13:58:55', '2022-06-06 13:58:55'),
(340, '127.0.0.0', 1, '2022-06-06 19:58:58', NULL, '2022-06-06 13:58:58', '2022-06-06 13:58:58'),
(341, '127.0.0.0', 1, '2022-06-06 19:59:01', NULL, '2022-06-06 13:59:01', '2022-06-06 13:59:01'),
(342, '::1', 1, '2022-06-06 19:59:13', NULL, '2022-06-06 13:59:13', '2022-06-06 13:59:13'),
(343, '::1', 1, '2022-06-06 19:59:38', NULL, '2022-06-06 13:59:38', '2022-06-06 13:59:38'),
(344, '::1', 1, '2022-06-06 19:59:43', NULL, '2022-06-06 13:59:43', '2022-06-06 13:59:43'),
(345, '::1', 1, '2022-06-06 19:59:57', NULL, '2022-06-06 13:59:57', '2022-06-06 13:59:57'),
(346, '::1', 1, '2022-06-06 20:00:41', NULL, '2022-06-06 14:00:42', '2022-06-06 14:00:42'),
(347, '::1', 1, '2022-06-06 20:00:47', NULL, '2022-06-06 14:00:47', '2022-06-06 14:00:47'),
(348, '::1', 1, '2022-06-06 20:00:57', NULL, '2022-06-06 14:00:57', '2022-06-06 14:00:57'),
(349, '::1', 1, '2022-06-06 20:01:03', NULL, '2022-06-06 14:01:03', '2022-06-06 14:01:03'),
(350, '::1', 1, '2022-06-06 20:05:20', NULL, '2022-06-06 14:05:20', '2022-06-06 14:05:20'),
(351, '::1', 1, '2022-06-06 20:05:27', NULL, '2022-06-06 14:05:27', '2022-06-06 14:05:27'),
(352, '::1', 1, '2022-06-06 20:05:37', NULL, '2022-06-06 14:05:37', '2022-06-06 14:05:37'),
(353, '::1', 1, '2022-06-06 20:05:43', NULL, '2022-06-06 14:05:43', '2022-06-06 14:05:43'),
(354, '::1', 1, '2022-06-06 20:06:48', NULL, '2022-06-06 14:06:48', '2022-06-06 14:06:48'),
(355, '::1', 1, '2022-06-06 20:07:15', NULL, '2022-06-06 14:07:15', '2022-06-06 14:07:15'),
(356, '::1', 1, '2022-06-06 20:08:47', NULL, '2022-06-06 14:08:47', '2022-06-06 14:08:47'),
(357, '::1', 1, '2022-06-06 20:09:52', NULL, '2022-06-06 14:09:52', '2022-06-06 14:09:52'),
(358, '::1', 1, '2022-06-06 20:56:55', NULL, '2022-06-06 14:56:55', '2022-06-06 14:56:55'),
(359, '::1', 1, '2022-06-06 21:01:18', NULL, '2022-06-06 15:01:18', '2022-06-06 15:01:18'),
(360, '::1', 1, '2022-06-06 21:05:02', NULL, '2022-06-06 15:05:02', '2022-06-06 15:05:02'),
(361, '127.0.0.0', 1, '2022-06-06 21:05:58', NULL, '2022-06-06 15:05:58', '2022-06-06 15:05:58'),
(362, '127.0.0.0', 1, '2022-06-06 21:06:03', NULL, '2022-06-06 15:06:03', '2022-06-06 15:06:03'),
(363, '::1', 1, '2022-06-07 10:47:58', NULL, '2022-06-07 04:47:58', '2022-06-07 04:47:58'),
(364, '::1', 1, '2022-06-07 10:49:30', NULL, '2022-06-07 04:49:30', '2022-06-07 04:49:30'),
(365, '::1', 1, '2022-06-07 10:49:55', NULL, '2022-06-07 04:49:55', '2022-06-07 04:49:55'),
(366, '::1', 1, '2022-06-07 10:54:31', NULL, '2022-06-07 04:54:31', '2022-06-07 04:54:31'),
(367, '::1', 1, '2022-06-23 16:56:47', NULL, '2022-06-23 10:56:47', '2022-06-23 10:56:47'),
(368, '::1', 1, '2022-06-23 17:36:12', NULL, '2022-06-23 11:36:13', '2022-06-23 11:36:13'),
(369, '::1', 1, '2022-06-23 17:36:29', NULL, '2022-06-23 11:36:29', '2022-06-23 11:36:29'),
(370, '::1', 1, '2022-06-23 17:37:32', NULL, '2022-06-23 11:37:32', '2022-06-23 11:37:32'),
(371, '::1', 1, '2022-06-23 17:53:39', NULL, '2022-06-23 11:53:39', '2022-06-23 11:53:39'),
(372, '::1', 1, '2022-06-23 17:54:32', NULL, '2022-06-23 11:54:32', '2022-06-23 11:54:32'),
(373, '::1', 1, '2022-06-23 17:54:53', NULL, '2022-06-23 11:54:53', '2022-06-23 11:54:53'),
(374, '127.0.0.0', 1, '2022-06-23 18:09:36', NULL, '2022-06-23 12:09:36', '2022-06-23 12:09:36'),
(375, '127.0.0.0', 1, '2022-06-23 18:15:00', NULL, '2022-06-23 12:15:00', '2022-06-23 12:15:00'),
(376, '127.0.0.0', 1, '2022-06-23 18:17:52', NULL, '2022-06-23 12:17:52', '2022-06-23 12:17:52'),
(377, '::1', 1, '2022-06-29 11:21:11', NULL, '2022-06-29 05:21:11', '2022-06-29 05:21:11'),
(378, '::1', 1, '2022-07-05 17:34:26', NULL, '2022-07-05 11:34:26', '2022-07-05 11:34:26'),
(379, '::1', 1, '2022-07-05 17:35:24', NULL, '2022-07-05 11:35:24', '2022-07-05 11:35:24'),
(380, '::1', 1, '2022-07-06 14:42:17', NULL, '2022-07-06 08:42:18', '2022-07-06 08:42:18'),
(381, '::1', 1, '2022-07-06 20:45:10', NULL, '2022-07-06 14:45:11', '2022-07-06 14:45:11'),
(382, '::1', 1, '2022-07-06 20:46:39', NULL, '2022-07-06 14:46:39', '2022-07-06 14:46:39'),
(383, '::1', 1, '2022-07-06 20:47:13', NULL, '2022-07-06 14:47:13', '2022-07-06 14:47:13'),
(384, '::1', 1, '2022-07-06 20:48:09', NULL, '2022-07-06 14:48:09', '2022-07-06 14:48:09'),
(385, '::1', 1, '2022-07-06 20:49:42', NULL, '2022-07-06 14:49:42', '2022-07-06 14:49:42'),
(386, '::1', 1, '2022-07-06 20:50:47', NULL, '2022-07-06 14:50:47', '2022-07-06 14:50:47'),
(387, '::1', 1, '2022-07-06 20:51:29', NULL, '2022-07-06 14:51:29', '2022-07-06 14:51:29'),
(388, '::1', 1, '2022-07-06 20:53:12', NULL, '2022-07-06 14:53:12', '2022-07-06 14:53:12'),
(389, '::1', 1, '2022-07-06 20:53:15', NULL, '2022-07-06 14:53:15', '2022-07-06 14:53:15'),
(390, '::1', 1, '2022-07-06 20:55:55', NULL, '2022-07-06 14:55:55', '2022-07-06 14:55:55'),
(391, '::1', 1, '2022-07-06 20:56:54', NULL, '2022-07-06 14:56:54', '2022-07-06 14:56:54'),
(392, '::1', 1, '2022-07-06 20:58:26', NULL, '2022-07-06 14:58:26', '2022-07-06 14:58:26'),
(393, '::1', 1, '2022-07-06 20:59:49', NULL, '2022-07-06 14:59:49', '2022-07-06 14:59:49'),
(394, '::1', 1, '2022-07-06 21:01:24', NULL, '2022-07-06 15:01:24', '2022-07-06 15:01:24'),
(395, '::1', 1, '2022-07-06 21:01:55', NULL, '2022-07-06 15:01:55', '2022-07-06 15:01:55'),
(396, '::1', 1, '2022-07-06 21:02:08', NULL, '2022-07-06 15:02:08', '2022-07-06 15:02:08'),
(397, '::1', 1, '2022-07-06 21:02:30', NULL, '2022-07-06 15:02:30', '2022-07-06 15:02:30'),
(398, '::1', 1, '2022-07-06 21:02:55', NULL, '2022-07-06 15:02:55', '2022-07-06 15:02:55'),
(399, '::1', 1, '2022-07-06 21:03:10', NULL, '2022-07-06 15:03:10', '2022-07-06 15:03:10'),
(400, '::1', 1, '2022-07-06 21:03:42', NULL, '2022-07-06 15:03:42', '2022-07-06 15:03:42'),
(401, '::1', 1, '2022-07-06 21:04:03', NULL, '2022-07-06 15:04:03', '2022-07-06 15:04:03'),
(402, '::1', 1, '2022-07-06 21:11:16', NULL, '2022-07-06 15:11:16', '2022-07-06 15:11:16'),
(403, '::1', 1, '2022-07-06 21:11:24', NULL, '2022-07-06 15:11:24', '2022-07-06 15:11:24'),
(404, '::1', 1, '2022-07-07 11:30:38', NULL, '2022-07-07 05:30:38', '2022-07-07 05:30:38'),
(405, '::1', 1, '2022-07-07 11:46:13', NULL, '2022-07-07 05:46:13', '2022-07-07 05:46:13'),
(406, '::1', 1, '2022-07-07 12:13:47', NULL, '2022-07-07 06:13:47', '2022-07-07 06:13:47'),
(407, '::1', 1, '2022-07-07 12:31:06', NULL, '2022-07-07 06:31:06', '2022-07-07 06:31:06'),
(408, '::1', 1, '2022-07-07 12:40:23', NULL, '2022-07-07 06:40:23', '2022-07-07 06:40:23'),
(409, '::1', 1, '2022-07-07 12:40:41', NULL, '2022-07-07 06:40:41', '2022-07-07 06:40:41'),
(410, '::1', 1, '2022-07-07 12:40:52', NULL, '2022-07-07 06:40:52', '2022-07-07 06:40:52'),
(411, '::1', 1, '2022-07-07 12:40:55', NULL, '2022-07-07 06:40:55', '2022-07-07 06:40:55'),
(412, '::1', 1, '2022-07-07 12:41:48', NULL, '2022-07-07 06:41:48', '2022-07-07 06:41:48'),
(413, '::1', 1, '2022-07-07 12:42:03', NULL, '2022-07-07 06:42:03', '2022-07-07 06:42:03'),
(414, '::1', 1, '2022-07-07 12:42:06', NULL, '2022-07-07 06:42:06', '2022-07-07 06:42:06'),
(415, '::1', 1, '2022-07-07 12:43:00', NULL, '2022-07-07 06:43:00', '2022-07-07 06:43:00');

-- --------------------------------------------------------

--
-- Table structure for table `banners`
--

CREATE TABLE `banners` (
  `id` bigint(20) UNSIGNED NOT NULL,
  `product_id` bigint(20) NOT NULL,
  `content_type` varchar(255) COLLATE utf8mb4_unicode_ci NOT NULL,
  `title` varchar(255) COLLATE utf8mb4_unicode_ci NOT NULL,
  `product_name` varchar(255) COLLATE utf8mb4_unicode_ci NOT NULL,
  `product_price` varchar(255) COLLATE utf8mb4_unicode_ci NOT NULL,
  `banner_photo` varchar(255) COLLATE utf8mb4_unicode_ci NOT NULL,
  `active_status` int(11) NOT NULL DEFAULT 1,
  `status` int(11) NOT NULL DEFAULT 1,
  `deleted_at` timestamp NULL DEFAULT NULL,
  `created_at` timestamp NULL DEFAULT NULL,
  `updated_at` timestamp NULL DEFAULT NULL
) ENGINE=InnoDB DEFAULT CHARSET=utf8mb4 COLLATE=utf8mb4_unicode_ci;

--
-- Dumping data for table `banners`
--

INSERT INTO `banners` (`id`, `product_id`, `content_type`, `title`, `product_name`, `product_price`, `banner_photo`, `active_status`, `status`, `deleted_at`, `created_at`, `updated_at`) VALUES
(1, 6, 'left', 'প্রচারের জন্য', 'চন্দন কাঠ', '9000', 'public/uploads/banner/sandalwood3.jpg', 1, 1, NULL, '2022-05-17 18:44:02', '2022-07-07 06:23:07'),
(2, 4, 'right', '২৫% ডিস্কাউন্টে', 'লাল চন্দন কাঠ', '1000', 'public/uploads/banner/lalsandalwood.png', 1, 1, NULL, '2022-05-17 20:34:47', '2022-07-07 06:23:02'),
(3, 2, 'left', 'dfd', 'dsf', '4523', 'public/uploads/banner/khasiya ful.webp', 1, 1, NULL, '2022-05-29 07:39:43', '2022-07-07 06:22:56');

-- --------------------------------------------------------

--
-- Table structure for table `blogs`
--

CREATE TABLE `blogs` (
  `id` bigint(20) UNSIGNED NOT NULL,
  `blog_title` varchar(255) COLLATE utf8mb4_unicode_ci NOT NULL,
  `blog_slug` varchar(255) COLLATE utf8mb4_unicode_ci NOT NULL,
  `writer` varchar(255) COLLATE utf8mb4_unicode_ci NOT NULL,
  `date` date NOT NULL,
  `blog_thumbnail` varchar(255) COLLATE utf8mb4_unicode_ci NOT NULL,
  `status` tinyint(1) NOT NULL DEFAULT 1,
  `deleted_at` timestamp NULL DEFAULT NULL,
  `created_at` timestamp NULL DEFAULT NULL,
  `updated_at` timestamp NULL DEFAULT NULL
) ENGINE=InnoDB DEFAULT CHARSET=utf8mb4 COLLATE=utf8mb4_unicode_ci;

--
-- Dumping data for table `blogs`
--

INSERT INTO `blogs` (`id`, `blog_title`, `blog_slug`, `writer`, `date`, `blog_thumbnail`, `status`, `deleted_at`, `created_at`, `updated_at`) VALUES
(1, 'চন্দনের কাঠের  সাথে এর গুরা', 'চন্দনের-কাঠের-সাথে-এর-গুরা', 'আরিফ', '2022-06-04', 'public/uploads/blog/sandalwood3.jpg', 1, NULL, '2022-06-04 04:56:21', '2022-06-04 04:56:21');

-- --------------------------------------------------------

--
-- Table structure for table `brands`
--

CREATE TABLE `brands` (
  `id` bigint(20) UNSIGNED NOT NULL,
  `brand_image` varchar(255) COLLATE utf8mb4_unicode_ci NOT NULL,
  `status` tinyint(1) NOT NULL DEFAULT 1,
  `deleted_at` timestamp NULL DEFAULT NULL,
  `created_at` timestamp NULL DEFAULT NULL,
  `updated_at` timestamp NULL DEFAULT NULL
) ENGINE=InnoDB DEFAULT CHARSET=utf8mb4 COLLATE=utf8mb4_unicode_ci;

--
-- Dumping data for table `brands`
--

INSERT INTO `brands` (`id`, `brand_image`, `status`, `deleted_at`, `created_at`, `updated_at`) VALUES
(2, 'public/uploads/brand/1734864079886111.png', 1, NULL, '2022-06-06 06:01:55', '2022-06-06 06:01:55'),
(3, 'public/uploads/brand/1734864086771866.png', 1, NULL, '2022-06-06 06:02:02', '2022-06-06 06:02:02'),
(4, 'public/uploads/brand/1734864091186012.png', 1, NULL, '2022-06-06 06:02:06', '2022-06-06 06:02:06'),
(5, 'public/uploads/brand/1734864097576153.png', 1, NULL, '2022-06-06 06:02:12', '2022-06-06 06:02:12'),
(6, 'public/uploads/brand/1734864103603469.png', 1, NULL, '2022-06-06 06:02:18', '2022-06-06 06:02:18'),
(7, 'public/uploads/brand/1734864108361008.png', 1, NULL, '2022-06-06 06:02:22', '2022-06-06 06:02:22'),
(8, 'public/uploads/brand/1734870627945410.jpg', 1, '2022-06-06 07:46:05', '2022-06-06 07:45:53', '2022-06-06 07:46:05');

-- --------------------------------------------------------

--
-- Table structure for table `categories`
--

CREATE TABLE `categories` (
  `id` bigint(20) UNSIGNED NOT NULL,
  `category_name` varchar(255) COLLATE utf8mb4_unicode_ci NOT NULL,
  `category_icon` varchar(255) COLLATE utf8mb4_unicode_ci NOT NULL,
  `slug` varchar(255) COLLATE utf8mb4_unicode_ci NOT NULL,
  `category_status` int(11) NOT NULL DEFAULT 1,
  `status` tinyint(1) NOT NULL DEFAULT 1,
  `deleted_at` timestamp NULL DEFAULT NULL,
  `created_at` timestamp NULL DEFAULT NULL,
  `updated_at` timestamp NULL DEFAULT NULL
) ENGINE=InnoDB DEFAULT CHARSET=utf8mb4 COLLATE=utf8mb4_unicode_ci;

--
-- Dumping data for table `categories`
--

INSERT INTO `categories` (`id`, `category_name`, `category_icon`, `slug`, `category_status`, `status`, `deleted_at`, `created_at`, `updated_at`) VALUES
(2, 'মধু', '<i class=\"fas fa-coffee\"></i>', 'honey', 2, 1, NULL, '2022-05-17 00:32:30', '2022-05-20 17:52:13'),
(3, 'চন্দন কাঠ', '<i class=\"far fa-edit\"></i>', 'sandal-wood', 2, 1, NULL, '2022-05-17 01:59:20', '2022-05-30 06:34:31'),
(4, 'তেতুল চাটনী', '<i class=\"fab fa-penny-arcade\"></i>', 'tetuk-chatni', 1, 1, NULL, '2022-05-17 20:52:59', '2022-05-20 17:02:10'),
(5, 'মোম', '<i class=\"fas fa-coffee\"></i>', 'candle', 1, 1, NULL, '2022-05-17 20:53:08', '2022-05-20 17:04:28'),
(6, 'বাদাম', '<i class=\"fas fa-coffee\"></i>', 'nuts', 2, 1, NULL, '2022-05-17 20:53:18', '2022-05-30 06:33:41'),
(11, 'Basic Computer', '<i class=\"fas fa-coffee\"></i>', 'basic-computer', 2, 0, NULL, '2022-05-18 21:58:16', '2022-05-20 17:04:17');

-- --------------------------------------------------------

--
-- Table structure for table `contact_us`
--

CREATE TABLE `contact_us` (
  `id` bigint(20) UNSIGNED NOT NULL,
  `mobile` varchar(11) COLLATE utf8mb4_unicode_ci NOT NULL,
  `email` varchar(100) COLLATE utf8mb4_unicode_ci NOT NULL,
  `address` varchar(255) COLLATE utf8mb4_unicode_ci NOT NULL,
  `status` tinyint(1) NOT NULL DEFAULT 1,
  `deleted_at` timestamp NULL DEFAULT NULL,
  `created_at` timestamp NULL DEFAULT NULL,
  `updated_at` timestamp NULL DEFAULT NULL
) ENGINE=InnoDB DEFAULT CHARSET=utf8mb4 COLLATE=utf8mb4_unicode_ci;

--
-- Dumping data for table `contact_us`
--

INSERT INTO `contact_us` (`id`, `mobile`, `email`, `address`, `status`, `deleted_at`, `created_at`, `updated_at`) VALUES
(1, '01110000000', 'hello@gmail.com', 'Dhaka, Mirpur', 1, NULL, NULL, '2022-06-06 09:51:01');

-- --------------------------------------------------------

--
-- Table structure for table `coupons`
--

CREATE TABLE `coupons` (
  `id` bigint(20) UNSIGNED NOT NULL,
  `coupon_name` varchar(255) COLLATE utf8mb4_unicode_ci NOT NULL,
  `coupon_discount` int(11) NOT NULL,
  `coupon_validity_date` varchar(255) COLLATE utf8mb4_unicode_ci NOT NULL,
  `active_status` tinyint(1) NOT NULL DEFAULT 1,
  `status` tinyint(1) NOT NULL DEFAULT 1,
  `deleted_at` timestamp NULL DEFAULT NULL,
  `created_at` timestamp NULL DEFAULT NULL,
  `updated_at` timestamp NULL DEFAULT NULL
) ENGINE=InnoDB DEFAULT CHARSET=utf8mb4 COLLATE=utf8mb4_unicode_ci;

--
-- Dumping data for table `coupons`
--

INSERT INTO `coupons` (`id`, `coupon_name`, `coupon_discount`, `coupon_validity_date`, `active_status`, `status`, `deleted_at`, `created_at`, `updated_at`) VALUES
(1, '2k', 10, '2022-05-29', 1, 1, NULL, '2022-05-27 20:41:26', '2022-05-29 07:57:02');

-- --------------------------------------------------------

--
-- Table structure for table `districts`
--

CREATE TABLE `districts` (
  `id` bigint(20) UNSIGNED NOT NULL,
  `division_id` bigint(20) UNSIGNED NOT NULL,
  `district_name` varchar(255) COLLATE utf8mb4_unicode_ci NOT NULL,
  `status` tinyint(1) NOT NULL DEFAULT 1,
  `deleted_at` timestamp NULL DEFAULT NULL,
  `created_at` timestamp NULL DEFAULT NULL,
  `updated_at` timestamp NULL DEFAULT NULL
) ENGINE=InnoDB DEFAULT CHARSET=utf8mb4 COLLATE=utf8mb4_unicode_ci;

--
-- Dumping data for table `districts`
--

INSERT INTO `districts` (`id`, `division_id`, `district_name`, `status`, `deleted_at`, `created_at`, `updated_at`) VALUES
(6, 4, 'Lalmonirhat', 1, NULL, '2022-05-29 09:43:11', '2022-05-30 03:33:40'),
(7, 5, 'Foridpur', 1, NULL, '2022-05-30 03:03:19', '2022-05-30 06:29:12'),
(8, 6, 'Pangsha', 1, NULL, '2022-05-30 03:05:34', '2022-05-30 03:33:40'),
(9, 5, 'Lalmonirhat1', 1, NULL, '2022-05-30 03:08:02', '2022-05-30 06:29:12'),
(10, 5, 'Foridpur2', 1, NULL, '2022-05-30 03:08:13', '2022-05-30 06:29:12');

-- --------------------------------------------------------

--
-- Table structure for table `divisions`
--

CREATE TABLE `divisions` (
  `id` bigint(20) UNSIGNED NOT NULL,
  `division_name` varchar(255) COLLATE utf8mb4_unicode_ci NOT NULL,
  `status` tinyint(1) NOT NULL DEFAULT 1,
  `deleted_at` timestamp NULL DEFAULT NULL,
  `created_at` timestamp NULL DEFAULT NULL,
  `updated_at` timestamp NULL DEFAULT NULL
) ENGINE=InnoDB DEFAULT CHARSET=utf8mb4 COLLATE=utf8mb4_unicode_ci;

--
-- Dumping data for table `divisions`
--

INSERT INTO `divisions` (`id`, `division_name`, `status`, `deleted_at`, `created_at`, `updated_at`) VALUES
(4, 'Rongpur', 1, NULL, NULL, '2022-05-30 03:07:39'),
(5, 'Dhaka', 1, NULL, '2022-05-30 03:03:01', '2022-05-30 06:29:12'),
(6, 'Dhaka1', 1, '2022-05-30 03:06:35', '2022-05-30 03:05:25', '2022-05-30 03:06:35');

-- --------------------------------------------------------

--
-- Table structure for table `failed_jobs`
--

CREATE TABLE `failed_jobs` (
  `id` bigint(20) UNSIGNED NOT NULL,
  `uuid` varchar(255) COLLATE utf8mb4_unicode_ci NOT NULL,
  `connection` text COLLATE utf8mb4_unicode_ci NOT NULL,
  `queue` text COLLATE utf8mb4_unicode_ci NOT NULL,
  `payload` longtext COLLATE utf8mb4_unicode_ci NOT NULL,
  `exception` longtext COLLATE utf8mb4_unicode_ci NOT NULL,
  `failed_at` timestamp NOT NULL DEFAULT current_timestamp()
) ENGINE=InnoDB DEFAULT CHARSET=utf8mb4 COLLATE=utf8mb4_unicode_ci;

-- --------------------------------------------------------

--
-- Table structure for table `main_logos`
--

CREATE TABLE `main_logos` (
  `id` bigint(20) UNSIGNED NOT NULL,
  `main_logo` varchar(255) COLLATE utf8mb4_unicode_ci NOT NULL,
  `status` tinyint(1) NOT NULL DEFAULT 1,
  `deleted_at` timestamp NULL DEFAULT NULL,
  `created_at` timestamp NULL DEFAULT NULL,
  `updated_at` timestamp NULL DEFAULT NULL
) ENGINE=InnoDB DEFAULT CHARSET=utf8mb4 COLLATE=utf8mb4_unicode_ci;

--
-- Dumping data for table `main_logos`
--

INSERT INTO `main_logos` (`id`, `main_logo`, `status`, `deleted_at`, `created_at`, `updated_at`) VALUES
(1, 'public/uploads/logo/1734871276710360.png', 1, NULL, '2022-06-06 07:50:25', '2022-06-06 08:04:46');

-- --------------------------------------------------------

--
-- Table structure for table `migrations`
--

CREATE TABLE `migrations` (
  `id` int(10) UNSIGNED NOT NULL,
  `migration` varchar(255) COLLATE utf8mb4_unicode_ci NOT NULL,
  `batch` int(11) NOT NULL
) ENGINE=InnoDB DEFAULT CHARSET=utf8mb4 COLLATE=utf8mb4_unicode_ci;

--
-- Dumping data for table `migrations`
--

INSERT INTO `migrations` (`id`, `migration`, `batch`) VALUES
(1, '2014_10_12_000000_create_users_table', 1),
(2, '2014_10_12_100000_create_password_resets_table', 1),
(3, '2019_08_19_000000_create_failed_jobs_table', 1),
(4, '2019_12_14_000001_create_personal_access_tokens_table', 1),
(5, '2022_05_16_095149_create_categories_table', 1),
(6, '2022_05_16_110104_create_products_table', 1),
(7, '2022_05_17_084107_create_product_multiple_images_table', 1),
(8, '2022_05_18_060135_create_banners_table', 1),
(10, '2022_05_24_083612_create_wishlists_table', 1),
(11, '2022_05_25_045909_create_divisions_table', 1),
(12, '2022_05_25_053330_create_coupons_table', 1),
(13, '2022_05_26_071244_create_districts_table', 1),
(14, '2022_05_26_091730_create_thanas_table', 1),
(15, '2022_05_28_085439_create_orders_table', 1),
(16, '2022_05_28_132000_create_order_items_table', 1),
(18, '2022_05_29_114432_create_visitors_table', 2),
(29, '2022_05_22_051207_create_blogs_table', 3),
(30, '2022_06_01_145835_create_all_visitors_table', 3),
(31, '2022_06_01_193415_create_testimonials_table', 3),
(32, '2022_06_02_141631_create_product_contents_table', 4),
(33, '2022_06_05_113603_create_permission_tables', 5),
(34, '2022_06_05_141404_create_shipping_infos_table', 6),
(36, '2022_06_05_200922_create_brands_table', 7),
(37, '2022_06_06_132120_create_main_logos_table', 8),
(39, '2022_06_06_141314_create_contact_us_table', 9),
(40, '2022_07_07_113848_create_socials_table', 10);

-- --------------------------------------------------------

--
-- Table structure for table `model_has_permissions`
--

CREATE TABLE `model_has_permissions` (
  `permission_id` bigint(20) UNSIGNED NOT NULL,
  `model_type` varchar(255) COLLATE utf8mb4_unicode_ci NOT NULL,
  `model_id` bigint(20) UNSIGNED NOT NULL
) ENGINE=InnoDB DEFAULT CHARSET=utf8mb4 COLLATE=utf8mb4_unicode_ci;

-- --------------------------------------------------------

--
-- Table structure for table `model_has_roles`
--

CREATE TABLE `model_has_roles` (
  `role_id` bigint(20) UNSIGNED NOT NULL,
  `model_type` varchar(255) COLLATE utf8mb4_unicode_ci NOT NULL,
  `model_id` bigint(20) UNSIGNED NOT NULL
) ENGINE=InnoDB DEFAULT CHARSET=utf8mb4 COLLATE=utf8mb4_unicode_ci;

--
-- Dumping data for table `model_has_roles`
--

INSERT INTO `model_has_roles` (`role_id`, `model_type`, `model_id`) VALUES
(1, 'App\\Models\\User', 1),
(2, 'App\\Models\\User', 2),
(2, 'App\\Models\\User', 3);

-- --------------------------------------------------------

--
-- Table structure for table `orders`
--

CREATE TABLE `orders` (
  `id` bigint(20) UNSIGNED NOT NULL,
  `shipping_name` varchar(255) COLLATE utf8mb4_unicode_ci NOT NULL,
  `shipping_mobile` varchar(15) COLLATE utf8mb4_unicode_ci NOT NULL,
  `shipping_email` varchar(255) COLLATE utf8mb4_unicode_ci DEFAULT NULL,
  `shipping_address` varchar(500) COLLATE utf8mb4_unicode_ci NOT NULL,
  `division_id` varchar(11) COLLATE utf8mb4_unicode_ci NOT NULL,
  `district_id` varchar(11) COLLATE utf8mb4_unicode_ci NOT NULL,
  `thana_id` varchar(11) COLLATE utf8mb4_unicode_ci NOT NULL,
  `payment_type` varchar(50) COLLATE utf8mb4_unicode_ci NOT NULL,
  `amount` double(50,2) NOT NULL,
  `order_date` date NOT NULL,
  `confirm_date` date DEFAULT NULL,
  `processing_date` date DEFAULT NULL,
  `picked_date` date DEFAULT NULL,
  `shipped_date` date DEFAULT NULL,
  `delivered_date` date DEFAULT NULL,
  `cancel_date` date DEFAULT NULL,
  `return_date` date DEFAULT NULL,
  `order_type` varchar(21) COLLATE utf8mb4_unicode_ci NOT NULL DEFAULT 'Pending',
  `status` tinyint(1) NOT NULL DEFAULT 1,
  `deleted_at` timestamp NULL DEFAULT NULL,
  `created_at` timestamp NULL DEFAULT NULL,
  `updated_at` timestamp NULL DEFAULT NULL
) ENGINE=InnoDB DEFAULT CHARSET=utf8mb4 COLLATE=utf8mb4_unicode_ci;

--
-- Dumping data for table `orders`
--

INSERT INTO `orders` (`id`, `shipping_name`, `shipping_mobile`, `shipping_email`, `shipping_address`, `division_id`, `district_id`, `thana_id`, `payment_type`, `amount`, `order_date`, `confirm_date`, `processing_date`, `picked_date`, `shipped_date`, `delivered_date`, `cancel_date`, `return_date`, `order_type`, `status`, `deleted_at`, `created_at`, `updated_at`) VALUES
(8, 'Ariful Siker', '01784703000', 'demo@demo.com', 'dome location', '5', '7', '5', 'Cash On Delivery', 3520.00, '2022-06-23', '2022-06-23', '2022-06-23', '2022-06-23', '2022-06-23', '2022-06-23', NULL, '2022-06-23', 'Return', 1, NULL, '2022-06-23 11:37:32', '2022-06-23 11:42:56');

-- --------------------------------------------------------

--
-- Table structure for table `order_items`
--

CREATE TABLE `order_items` (
  `id` bigint(20) UNSIGNED NOT NULL,
  `order_id` bigint(20) UNSIGNED NOT NULL,
  `product_id` bigint(20) UNSIGNED NOT NULL,
  `product_qty` bigint(20) UNSIGNED NOT NULL,
  `price` double(8,2) NOT NULL,
  `status` tinyint(1) NOT NULL DEFAULT 1,
  `deleted_at` timestamp NULL DEFAULT NULL,
  `created_at` timestamp NULL DEFAULT NULL,
  `updated_at` timestamp NULL DEFAULT NULL
) ENGINE=InnoDB DEFAULT CHARSET=utf8mb4 COLLATE=utf8mb4_unicode_ci;

--
-- Dumping data for table `order_items`
--

INSERT INTO `order_items` (`id`, `order_id`, `product_id`, `product_qty`, `price`, `status`, `deleted_at`, `created_at`, `updated_at`) VALUES
(1, 8, 39, 2, 1760.00, 1, NULL, '2022-06-23 11:37:32', '2022-06-23 11:37:32');

-- --------------------------------------------------------

--
-- Table structure for table `password_resets`
--

CREATE TABLE `password_resets` (
  `email` varchar(255) COLLATE utf8mb4_unicode_ci NOT NULL,
  `token` varchar(255) COLLATE utf8mb4_unicode_ci NOT NULL,
  `created_at` timestamp NULL DEFAULT NULL
) ENGINE=InnoDB DEFAULT CHARSET=utf8mb4 COLLATE=utf8mb4_unicode_ci;

-- --------------------------------------------------------

--
-- Table structure for table `permissions`
--

CREATE TABLE `permissions` (
  `id` bigint(20) UNSIGNED NOT NULL,
  `name` varchar(255) COLLATE utf8mb4_unicode_ci NOT NULL,
  `guard_name` varchar(255) COLLATE utf8mb4_unicode_ci NOT NULL,
  `parent_id` int(21) NOT NULL,
  `created_at` timestamp NULL DEFAULT NULL,
  `updated_at` timestamp NULL DEFAULT NULL
) ENGINE=InnoDB DEFAULT CHARSET=utf8mb4 COLLATE=utf8mb4_unicode_ci;

--
-- Dumping data for table `permissions`
--

INSERT INTO `permissions` (`id`, `name`, `guard_name`, `parent_id`, `created_at`, `updated_at`) VALUES
(1, 'Edit User', 'web', 0, '2022-06-05 05:48:25', '2022-06-05 05:48:25'),
(2, 'Dashboard', 'web', 0, '2022-06-05 05:48:51', '2022-06-05 05:48:51'),
(3, 'Category', 'web', 0, '2022-06-05 05:49:04', '2022-06-05 05:49:04'),
(4, 'Banner', 'web', 0, '2022-06-05 05:49:25', '2022-06-05 05:49:25'),
(5, 'Add Banner', 'web', 4, '2022-06-05 05:49:49', '2022-06-05 05:49:49'),
(6, 'Banner List', 'web', 4, '2022-06-05 05:50:01', '2022-06-05 05:50:01');

-- --------------------------------------------------------

--
-- Table structure for table `personal_access_tokens`
--

CREATE TABLE `personal_access_tokens` (
  `id` bigint(20) UNSIGNED NOT NULL,
  `tokenable_type` varchar(255) COLLATE utf8mb4_unicode_ci NOT NULL,
  `tokenable_id` bigint(20) UNSIGNED NOT NULL,
  `name` varchar(255) COLLATE utf8mb4_unicode_ci NOT NULL,
  `token` varchar(64) COLLATE utf8mb4_unicode_ci NOT NULL,
  `abilities` text COLLATE utf8mb4_unicode_ci DEFAULT NULL,
  `last_used_at` timestamp NULL DEFAULT NULL,
  `created_at` timestamp NULL DEFAULT NULL,
  `updated_at` timestamp NULL DEFAULT NULL
) ENGINE=InnoDB DEFAULT CHARSET=utf8mb4 COLLATE=utf8mb4_unicode_ci;

-- --------------------------------------------------------

--
-- Table structure for table `products`
--

CREATE TABLE `products` (
  `id` bigint(20) UNSIGNED NOT NULL,
  `category_id` bigint(20) UNSIGNED NOT NULL,
  `product_name` varchar(255) COLLATE utf8mb4_unicode_ci NOT NULL,
  `product_qty` varchar(11) COLLATE utf8mb4_unicode_ci NOT NULL,
  `product_code` varchar(255) COLLATE utf8mb4_unicode_ci NOT NULL,
  `product_price` varchar(50) COLLATE utf8mb4_unicode_ci NOT NULL,
  `product_discount` varchar(50) COLLATE utf8mb4_unicode_ci NOT NULL,
  `short_description` varchar(1000) COLLATE utf8mb4_unicode_ci NOT NULL,
  `product_thumbnail` varchar(255) COLLATE utf8mb4_unicode_ci NOT NULL,
  `product_slider_img` varchar(255) COLLATE utf8mb4_unicode_ci NOT NULL,
  `special_offer` varchar(11) COLLATE utf8mb4_unicode_ci DEFAULT NULL,
  `product_slug` varchar(255) COLLATE utf8mb4_unicode_ci NOT NULL,
  `status` int(11) NOT NULL DEFAULT 1,
  `deleted_at` timestamp NULL DEFAULT NULL,
  `created_at` timestamp NULL DEFAULT NULL,
  `updated_at` timestamp NULL DEFAULT NULL
) ENGINE=InnoDB DEFAULT CHARSET=utf8mb4 COLLATE=utf8mb4_unicode_ci;

--
-- Dumping data for table `products`
--

INSERT INTO `products` (`id`, `category_id`, `product_name`, `product_qty`, `product_code`, `product_price`, `product_discount`, `short_description`, `product_thumbnail`, `product_slider_img`, `special_offer`, `product_slug`, `status`, `deleted_at`, `created_at`, `updated_at`) VALUES
(2, 2, 'খাটি মধু', '111', 'প্রোডাক্টের কোড u', '2000', '20', '<p>1111</p>', 'public/uploads/product/haninut.jpg', 'public/uploads/product_banner/haninut.jpg', NULL, 'honey-nuts-new', 1, NULL, '2022-05-16 18:33:00', '2022-05-20 14:59:28'),
(3, 3, 'লাল চন্দন কাঠ', '1', '1', '100', '0', '<div style=\"color: rgb(253, 255, 241); background-color: rgb(39, 40, 34); font-family: Consolas, &quot;Courier New&quot;, monospace; font-size: 14px; line-height: 19px; white-space: pre;\"><span style=\"color: rgb(33, 37, 41); font-family: RationalDisplay-Book, sans-serif; font-size: 24px; white-space: normal; background-color: rgb(252, 252, 252);\">The Paragraphs module in Drupal provides editors with a component driven architecture for building pages. Morpht has been developing</span><br></div>', 'public/uploads/product/lalsandalwood2.jpg', 'public/uploads/product_banner/sandalwood2.jpg', NULL, 'tetul-chatni2', 1, NULL, '2022-05-16 19:59:47', '2022-05-30 00:34:31'),
(4, 4, 'তেতুল চাটনি', '10', '১২৩৪৫৬৭৮', '100', '10', '<p class=\"mb-2\" style=\"box-sizing: inherit; margin-right: 0px; margin-left: 0px; font-family: Poppins, sans-serif; font-size: 14px; line-height: 1.86; color: rgb(102, 102, 102); margin-bottom: 1rem !important;\">শরীরের সামগ্রিক শক্তি ও তারুণ্য বাড়ায়। হাড় ও দাঁত গঠনে: মধুর গুরুত্বপূর্ণ উপকরণ ক্যালসিয়াম। ক্যালসিয়াম দাঁত, হাড়, চুলের গোড়া শক্ত রাখে, নখের ঔজ্জ্বল্য বৃদ্ধি করে, ভঙ্গুরতা রোধ করে।</p>', 'public/uploads/product/tetul chatni.jpg', 'public/uploads/product_banner/tetul chatni.jpg', NULL, 'tetul-chatni1', 1, NULL, '2022-05-17 16:13:12', '2022-05-20 14:58:55'),
(5, 2, 'খাটি মধু', '111', 'প্রোডাক্টের কোড u', '2000', '20', '<p>1111</p>', 'public/uploads/product/haninut.jpg', 'public/uploads/product_banner/modhu.jpg', NULL, 'honey-nuts', 1, NULL, '2022-05-16 18:33:00', '2022-05-20 14:58:38'),
(6, 3, 'লাল চন্দন কাঠ', '1', '1', '100', '10', '<div style=\"color: rgb(253, 255, 241); background-color: rgb(39, 40, 34); font-family: Consolas, &quot;Courier New&quot;, monospace; font-size: 14px; line-height: 19px; white-space: pre;\"><span style=\"color: rgb(33, 37, 41); font-family: RationalDisplay-Book, sans-serif; font-size: 24px; white-space: normal; background-color: rgb(252, 252, 252);\">The Paragraphs module in Drupal provides editors with a component driven architecture for building pages. Morpht has been developing</span><br></div>', 'public/uploads/product/lalsandalwood2.jpg', 'public/uploads/product_banner/lalsandalwood.png', NULL, 'red-shandal-wood', 1, NULL, '2022-05-16 19:59:47', '2022-05-30 00:34:31'),
(7, 4, 'তেতুল চাটনি', '10', '১২৩৪৫৬৭৮', '100', '0', '<p class=\"mb-2\" style=\"box-sizing: inherit; margin-right: 0px; margin-left: 0px; font-family: Poppins, sans-serif; font-size: 14px; line-height: 1.86; color: rgb(102, 102, 102); margin-bottom: 1rem !important;\">শরীরের সামগ্রিক শক্তি ও তারুণ্য বাড়ায়। হাড় ও দাঁত গঠনে: মধুর গুরুত্বপূর্ণ উপকরণ ক্যালসিয়াম। ক্যালসিয়াম দাঁত, হাড়, চুলের গোড়া শক্ত রাখে, নখের ঔজ্জ্বল্য বৃদ্ধি করে, ভঙ্গুরতা রোধ করে।</p>', 'public/uploads/product/tetul chatni.jpg', 'public/uploads/product_banner/tetul chatni.jpg', NULL, 'tetul-chatni', 1, NULL, '2022-05-17 16:13:12', '2022-05-20 14:58:05'),
(8, 2, 'খাটি মধু', '0', '১২৩৪৫৬৭৮', '500', '10', '<p><span style=\"color: rgb(189, 193, 198); font-family: arial, sans-serif; background-color: rgb(32, 33, 36);\">সাধারণভাবে বলা যায়-&nbsp;</span><b style=\"color: rgb(189, 193, 198); font-family: arial, sans-serif; background-color: rgb(32, 33, 36);\">মধু</b><span style=\"color: rgb(189, 193, 198); font-family: arial, sans-serif; background-color: rgb(32, 33, 36);\">&nbsp;হলো লাখ লাখ মৌমাছির অক্লান্ত শ্রম আর সেবাব্রতী জীবনের দান। মৌমাছিরা ফুলে ফুলে&nbsp;</span><br></p>', 'public/uploads/product/misro.png', 'public/uploads/product_banner/misro.png', '1', 'honey-red', 1, NULL, '2022-05-18 11:34:37', '2022-05-20 14:09:01'),
(30, 3, 'লাল চন্দন কাঠ', '1', '1', '100', '10', '<div style=\"color: rgb(253, 255, 241); background-color: rgb(39, 40, 34); font-family: Consolas, &quot;Courier New&quot;, monospace; font-size: 14px; line-height: 19px; white-space: pre;\"><span style=\"color: rgb(33, 37, 41); font-family: RationalDisplay-Book, sans-serif; font-size: 24px; white-space: normal; background-color: rgb(252, 252, 252);\">The Paragraphs module in Drupal provides editors with a component driven architecture for building pages. Morpht has been developing</span><br></div>', 'public/uploads/product/lalsandalwood2.jpg', 'public/uploads/product_banner/lalsandalwood.png', NULL, 'red-shandal-wood-wood', 1, NULL, '2022-05-16 19:59:47', '2022-05-30 00:34:31'),
(31, 4, 'তেতুল চাটনি', '10', '১২৩৪৫৬৭৮', '100', '0', '<p class=\"mb-2\" style=\"box-sizing: inherit; margin-right: 0px; margin-left: 0px; font-family: Poppins, sans-serif; font-size: 14px; line-height: 1.86; color: rgb(102, 102, 102); margin-bottom: 1rem !important;\">শরীরের সামগ্রিক শক্তি ও তারুণ্য বাড়ায়। হাড় ও দাঁত গঠনে: মধুর গুরুত্বপূর্ণ উপকরণ ক্যালসিয়াম। ক্যালসিয়াম দাঁত, হাড়, চুলের গোড়া শক্ত রাখে, নখের ঔজ্জ্বল্য বৃদ্ধি করে, ভঙ্গুরতা রোধ করে।</p>', 'public/uploads/product/tetul chatni.jpg', 'public/uploads/product_banner/tetul chatni.jpg', NULL, 'tetul-chatni-ni', 1, NULL, '2022-05-17 16:13:12', '2022-05-20 14:58:05'),
(32, 2, 'খাটি মধু', '0', '১২৩৪৫৬৭৮', '500', '10', '<p><span style=\"color: rgb(189, 193, 198); font-family: arial, sans-serif; background-color: rgb(32, 33, 36);\">সাধারণভাবে বলা যায়-&nbsp;</span><b style=\"color: rgb(189, 193, 198); font-family: arial, sans-serif; background-color: rgb(32, 33, 36);\">মধু</b><span style=\"color: rgb(189, 193, 198); font-family: arial, sans-serif; background-color: rgb(32, 33, 36);\">&nbsp;হলো লাখ লাখ মৌমাছির অক্লান্ত শ্রম আর সেবাব্রতী জীবনের দান। মৌমাছিরা ফুলে ফুলে&nbsp;</span><br></p>', 'public/uploads/product/misro.png', 'public/uploads/product_banner/misro.png', '1', 'honey-red-red', 1, NULL, '2022-05-18 11:34:37', '2022-05-20 14:09:01'),
(33, 4, 'তেতুল চাটনি', '10', '১২৩৪৫৬৭৮', '100', '0', '<p class=\"mb-2\" style=\"box-sizing: inherit; margin-right: 0px; margin-left: 0px; font-family: Poppins, sans-serif; font-size: 14px; line-height: 1.86; color: rgb(102, 102, 102); margin-bottom: 1rem !important;\">শরীরের সামগ্রিক শক্তি ও তারুণ্য বাড়ায়। হাড় ও দাঁত গঠনে: মধুর গুরুত্বপূর্ণ উপকরণ ক্যালসিয়াম। ক্যালসিয়াম দাঁত, হাড়, চুলের গোড়া শক্ত রাখে, নখের ঔজ্জ্বল্য বৃদ্ধি করে, ভঙ্গুরতা রোধ করে।</p>', 'public/uploads/product/tetul chatni.jpg', 'public/uploads/product_banner/tetul chatni.jpg', NULL, 'tetul-chatni-nid', 1, NULL, '2022-05-17 16:13:12', '2022-05-20 14:58:05'),
(34, 2, 'খাটি মধু', '0', '১২৩৪৫৬৭৮', '500', '10', '<p><span style=\"color: rgb(189, 193, 198); font-family: arial, sans-serif; background-color: rgb(32, 33, 36);\">সাধারণভাবে বলা যায়-&nbsp;</span><b style=\"color: rgb(189, 193, 198); font-family: arial, sans-serif; background-color: rgb(32, 33, 36);\">মধু</b><span style=\"color: rgb(189, 193, 198); font-family: arial, sans-serif; background-color: rgb(32, 33, 36);\">&nbsp;হলো লাখ লাখ মৌমাছির অক্লান্ত শ্রম আর সেবাব্রতী জীবনের দান। মৌমাছিরা ফুলে ফুলে&nbsp;</span><br></p>', 'public/uploads/product/misro.png', 'public/uploads/product_banner/misro.png', '1', 'honey-redred', 1, NULL, '2022-05-18 11:34:37', '2022-05-20 14:09:01'),
(35, 3, 'লাল চন্দন কাঠ', '1', '1', '100', '10', '<div style=\"color: rgb(253, 255, 241); background-color: rgb(39, 40, 34); font-family: Consolas, &quot;Courier New&quot;, monospace; font-size: 14px; line-height: 19px; white-space: pre;\"><span style=\"color: rgb(33, 37, 41); font-family: RationalDisplay-Book, sans-serif; font-size: 24px; white-space: normal; background-color: rgb(252, 252, 252);\">The Paragraphs module in Drupal provides editors with a component driven architecture for building pages. Morpht has been developing</span><br></div>', 'public/uploads/product/lalsandalwood2.jpg', 'public/uploads/product_banner/lalsandalwood.png', NULL, 'red-shandal-wood-woodre', 1, NULL, '2022-05-16 19:59:47', '2022-05-30 00:34:31'),
(36, 4, 'তেতুল চাটনি', '10', '১২৩৪৫৬৭৮', '100', '0', '<p class=\"mb-2\" style=\"box-sizing: inherit; margin-right: 0px; margin-left: 0px; font-family: Poppins, sans-serif; font-size: 14px; line-height: 1.86; color: rgb(102, 102, 102); margin-bottom: 1rem !important;\">শরীরের সামগ্রিক শক্তি ও তারুণ্য বাড়ায়। হাড় ও দাঁত গঠনে: মধুর গুরুত্বপূর্ণ উপকরণ ক্যালসিয়াম। ক্যালসিয়াম দাঁত, হাড়, চুলের গোড়া শক্ত রাখে, নখের ঔজ্জ্বল্য বৃদ্ধি করে, ভঙ্গুরতা রোধ করে।</p>', 'public/uploads/product/tetul chatni.jpg', 'public/uploads/product_banner/tetul chatni.jpg', NULL, 'tetul-chatni-nii', 1, NULL, '2022-05-17 16:13:12', '2022-05-20 14:58:05'),
(37, 2, 'খাটি মধু', '0', '১২৩৪৫৬৭৮', '500', '10', '<p><span style=\"color: rgb(189, 193, 198); font-family: arial, sans-serif; background-color: rgb(32, 33, 36);\">সাধারণভাবে বলা যায়-&nbsp;</span><b style=\"color: rgb(189, 193, 198); font-family: arial, sans-serif; background-color: rgb(32, 33, 36);\">মধু</b><span style=\"color: rgb(189, 193, 198); font-family: arial, sans-serif; background-color: rgb(32, 33, 36);\">&nbsp;হলো লাখ লাখ মৌমাছির অক্লান্ত শ্রম আর সেবাব্রতী জীবনের দান। মৌমাছিরা ফুলে ফুলে&nbsp;</span><br></p>', 'public/uploads/product/misro.png', 'public/uploads/product_banner/misro.png', '1', 'honey-red-redred', 1, NULL, '2022-05-18 11:34:37', '2022-05-20 14:09:01'),
(38, 3, 'dsf', '10', 'fds', '5000', '12', '<font color=\"#9aa0a6\">dsfdsfdsfdsf</font>', 'public/uploads/product/haninut.jpg', 'public/uploads/product_banner/lalsandalwood.png', '1', 'new-product-for-sell', 1, NULL, '2022-05-29 01:48:20', '2022-05-30 00:34:31'),
(39, 3, 'Shandal wood new', '9', 'something', '2000', '12', '<p><span style=\"color: rgb(35, 38, 41); font-family: -apple-system, BlinkMacSystemFont, &quot;Segoe UI Adjusted&quot;, &quot;Segoe UI&quot;, &quot;Liberation Sans&quot;, sans-serif; font-size: 15px;\">You have to choose a way to represent this location as a String, a possible way can be to save the latitude and the longitude separately.</span><br></p>', 'public/uploads/product/Sandalwood.jpg', 'public/uploads/product_banner/sandalWood1.jpg', '1', 'new-product-for-sell-sandal-wood', 1, NULL, '2022-05-29 01:51:48', '2022-06-23 11:37:32');

-- --------------------------------------------------------

--
-- Table structure for table `product_contents`
--

CREATE TABLE `product_contents` (
  `id` bigint(20) UNSIGNED NOT NULL,
  `product_id` bigint(20) UNSIGNED NOT NULL,
  `product_warrenty` varchar(255) COLLATE utf8mb4_unicode_ci NOT NULL,
  `free_shipping` varchar(255) COLLATE utf8mb4_unicode_ci NOT NULL,
  `file_type` varchar(255) COLLATE utf8mb4_unicode_ci NOT NULL,
  `long_description` text COLLATE utf8mb4_unicode_ci NOT NULL,
  `content_file` varchar(255) COLLATE utf8mb4_unicode_ci NOT NULL,
  `status` tinyint(1) NOT NULL DEFAULT 1,
  `deleted_at` timestamp NULL DEFAULT NULL,
  `created_at` timestamp NULL DEFAULT NULL,
  `updated_at` timestamp NULL DEFAULT NULL
) ENGINE=InnoDB DEFAULT CHARSET=utf8mb4 COLLATE=utf8mb4_unicode_ci;

-- --------------------------------------------------------

--
-- Table structure for table `product_multiple_images`
--

CREATE TABLE `product_multiple_images` (
  `id` bigint(20) UNSIGNED NOT NULL,
  `product_id` bigint(20) UNSIGNED NOT NULL,
  `multiple_image` varchar(255) COLLATE utf8mb4_unicode_ci NOT NULL,
  `status` int(11) NOT NULL DEFAULT 1,
  `deleted_at` timestamp NULL DEFAULT NULL,
  `created_at` timestamp NULL DEFAULT NULL,
  `updated_at` timestamp NULL DEFAULT NULL
) ENGINE=InnoDB DEFAULT CHARSET=utf8mb4 COLLATE=utf8mb4_unicode_ci;

-- --------------------------------------------------------

--
-- Table structure for table `roles`
--

CREATE TABLE `roles` (
  `id` bigint(20) UNSIGNED NOT NULL,
  `name` varchar(255) COLLATE utf8mb4_unicode_ci NOT NULL,
  `guard_name` varchar(255) COLLATE utf8mb4_unicode_ci NOT NULL,
  `created_at` timestamp NULL DEFAULT NULL,
  `updated_at` timestamp NULL DEFAULT NULL
) ENGINE=InnoDB DEFAULT CHARSET=utf8mb4 COLLATE=utf8mb4_unicode_ci;

--
-- Dumping data for table `roles`
--

INSERT INTO `roles` (`id`, `name`, `guard_name`, `created_at`, `updated_at`) VALUES
(1, 'Admin', 'web', '2022-06-05 05:41:56', '2022-06-05 05:41:56'),
(2, 'Moderator', 'web', '2022-06-05 06:43:06', '2022-06-05 06:43:06');

-- --------------------------------------------------------

--
-- Table structure for table `role_has_permissions`
--

CREATE TABLE `role_has_permissions` (
  `permission_id` bigint(20) UNSIGNED NOT NULL,
  `role_id` bigint(20) UNSIGNED NOT NULL
) ENGINE=InnoDB DEFAULT CHARSET=utf8mb4 COLLATE=utf8mb4_unicode_ci;

--
-- Dumping data for table `role_has_permissions`
--

INSERT INTO `role_has_permissions` (`permission_id`, `role_id`) VALUES
(4, 1),
(5, 1),
(6, 1);

-- --------------------------------------------------------

--
-- Table structure for table `shipping_infos`
--

CREATE TABLE `shipping_infos` (
  `id` bigint(20) UNSIGNED NOT NULL,
  `title` varchar(255) COLLATE utf8mb4_unicode_ci NOT NULL,
  `description` text COLLATE utf8mb4_unicode_ci NOT NULL,
  `status` tinyint(1) NOT NULL DEFAULT 1,
  `deleted_at` timestamp NULL DEFAULT NULL,
  `created_at` timestamp NULL DEFAULT NULL,
  `updated_at` timestamp NULL DEFAULT NULL
) ENGINE=InnoDB DEFAULT CHARSET=utf8mb4 COLLATE=utf8mb4_unicode_ci;

--
-- Dumping data for table `shipping_infos`
--

INSERT INTO `shipping_infos` (`id`, `title`, `description`, `status`, `deleted_at`, `created_at`, `updated_at`) VALUES
(1, 'Free Shipping', 'We deliver to over 100 countries around the world. For full details of the delivery options we offer, please view our Delivery information We hope you’ll love every purchase, but if you ever need to return an item you can do so within a month of receipt. For full details of how to make a return, please view our Returns information', 1, NULL, '2022-06-05 08:20:30', '2022-06-05 11:00:18');

-- --------------------------------------------------------

--
-- Table structure for table `socials`
--

CREATE TABLE `socials` (
  `id` bigint(20) UNSIGNED NOT NULL,
  `facebook` varchar(255) COLLATE utf8mb4_unicode_ci NOT NULL DEFAULT '#',
  `twitter` varchar(255) COLLATE utf8mb4_unicode_ci NOT NULL DEFAULT '#',
  `linkdin` varchar(255) COLLATE utf8mb4_unicode_ci NOT NULL DEFAULT '#',
  `status` tinyint(1) NOT NULL DEFAULT 1,
  `deleted_at` timestamp NULL DEFAULT NULL,
  `created_at` timestamp NULL DEFAULT NULL,
  `updated_at` timestamp NULL DEFAULT NULL
) ENGINE=InnoDB DEFAULT CHARSET=utf8mb4 COLLATE=utf8mb4_unicode_ci;

--
-- Dumping data for table `socials`
--

INSERT INTO `socials` (`id`, `facebook`, `twitter`, `linkdin`, `status`, `deleted_at`, `created_at`, `updated_at`) VALUES
(1, '#', '#', '#', 1, NULL, NULL, '2022-07-07 06:12:29');

-- --------------------------------------------------------

--
-- Table structure for table `testimonials`
--

CREATE TABLE `testimonials` (
  `id` bigint(20) UNSIGNED NOT NULL,
  `name` varchar(255) COLLATE utf8mb4_unicode_ci NOT NULL,
  `designation` varchar(255) COLLATE utf8mb4_unicode_ci NOT NULL,
  `description` varchar(1000) COLLATE utf8mb4_unicode_ci NOT NULL,
  `photo` varchar(255) COLLATE utf8mb4_unicode_ci NOT NULL,
  `status` tinyint(1) NOT NULL DEFAULT 1,
  `deleted_at` timestamp NULL DEFAULT NULL,
  `created_at` timestamp NULL DEFAULT NULL,
  `updated_at` timestamp NULL DEFAULT NULL
) ENGINE=InnoDB DEFAULT CHARSET=utf8mb4 COLLATE=utf8mb4_unicode_ci;

--
-- Dumping data for table `testimonials`
--

INSERT INTO `testimonials` (`id`, `name`, `designation`, `description`, `photo`, `status`, `deleted_at`, `created_at`, `updated_at`) VALUES
(1, 'মারজুক রাসেল', 'বিনিয়োগকারি', 'আমি আমার আঙ্গুল রাখছি  প্রতি বছর আমাদের শপ! এটি আমাকে প্রবণতার ভাল ধারণা দেয়। আমার পরিবার এটা পছন্দ করে, খুব.', 'public/uploads/testimonial/demo.jpg', 1, NULL, '2022-06-02 04:48:14', '2022-06-02 09:55:43');

-- --------------------------------------------------------

--
-- Table structure for table `thanas`
--

CREATE TABLE `thanas` (
  `id` bigint(20) UNSIGNED NOT NULL,
  `division_id` bigint(20) UNSIGNED NOT NULL,
  `district_id` bigint(20) UNSIGNED NOT NULL,
  `thana_name` varchar(255) COLLATE utf8mb4_unicode_ci NOT NULL,
  `status` tinyint(1) NOT NULL DEFAULT 1,
  `deleted_at` timestamp NULL DEFAULT NULL,
  `created_at` timestamp NULL DEFAULT NULL,
  `updated_at` timestamp NULL DEFAULT NULL
) ENGINE=InnoDB DEFAULT CHARSET=utf8mb4 COLLATE=utf8mb4_unicode_ci;

--
-- Dumping data for table `thanas`
--

INSERT INTO `thanas` (`id`, `division_id`, `district_id`, `thana_name`, `status`, `deleted_at`, `created_at`, `updated_at`) VALUES
(4, 4, 6, 'Adidmari', 1, NULL, '2022-05-29 09:43:16', '2022-05-30 03:07:39'),
(5, 5, 7, 'Rajbari', 1, NULL, '2022-05-30 03:03:27', '2022-05-30 06:29:12'),
(6, 6, 8, 'Sherpur', 1, '2022-05-30 03:06:35', '2022-05-30 03:05:44', '2022-05-30 03:06:35');

-- --------------------------------------------------------

--
-- Table structure for table `users`
--

CREATE TABLE `users` (
  `id` bigint(20) UNSIGNED NOT NULL,
  `name` varchar(255) COLLATE utf8mb4_unicode_ci NOT NULL,
  `email` varchar(255) COLLATE utf8mb4_unicode_ci NOT NULL,
  `email_verified_at` timestamp NULL DEFAULT NULL,
  `password` varchar(255) COLLATE utf8mb4_unicode_ci NOT NULL,
  `remember_token` varchar(100) COLLATE utf8mb4_unicode_ci DEFAULT NULL,
  `deleted_at` timestamp NULL DEFAULT NULL,
  `created_at` timestamp NULL DEFAULT NULL,
  `updated_at` timestamp NULL DEFAULT NULL
) ENGINE=InnoDB DEFAULT CHARSET=utf8mb4 COLLATE=utf8mb4_unicode_ci;

--
-- Dumping data for table `users`
--

INSERT INTO `users` (`id`, `name`, `email`, `email_verified_at`, `password`, `remember_token`, `deleted_at`, `created_at`, `updated_at`) VALUES
(1, 'Admin', 'admin@gmail.com', NULL, '$2y$10$PRRbxfBmNlmFbDgzgjLmpeR7yOtg/q2l9te59uQ6/ChUs/O9qpYfW', NULL, NULL, '2022-05-29 06:32:38', '2022-05-29 06:32:38'),
(2, 'Moderator', 'moderator@moderator.com', NULL, '$2y$10$jLRpK8zeUoRNGVl4UJr2huoW6V1Oqfs.ralZ80Wsfz3GgrtEwQ7JC', NULL, NULL, '2022-06-05 06:43:42', '2022-06-05 06:43:42'),
(3, 'Abu bokor', 'ab@gmail.com', NULL, '$2y$10$K1woVAJSj6Aw6TVM4bw9GO.KSJLqtSTRKyyyY20/Tt4kyT2zzNd8y', NULL, NULL, '2022-06-05 07:04:04', '2022-06-05 07:35:06');

-- --------------------------------------------------------

--
-- Table structure for table `visitors`
--

CREATE TABLE `visitors` (
  `id` bigint(20) UNSIGNED NOT NULL,
  `visitor_ip` varchar(45) COLLATE utf8mb4_unicode_ci NOT NULL,
  `category_id` bigint(20) UNSIGNED NOT NULL,
  `product_id` bigint(20) UNSIGNED NOT NULL,
  `product_visit_times` int(21) NOT NULL,
  `category_visit_times` int(21) NOT NULL,
  `date` timestamp NULL DEFAULT NULL ON UPDATE current_timestamp(),
  `status` tinyint(1) NOT NULL DEFAULT 1,
  `deleted_at` timestamp NULL DEFAULT NULL,
  `created_at` timestamp NULL DEFAULT NULL,
  `updated_at` timestamp NULL DEFAULT NULL
) ENGINE=InnoDB DEFAULT CHARSET=utf8mb4 COLLATE=utf8mb4_unicode_ci;

--
-- Dumping data for table `visitors`
--

INSERT INTO `visitors` (`id`, `visitor_ip`, `category_id`, `product_id`, `product_visit_times`, `category_visit_times`, `date`, `status`, `deleted_at`, `created_at`, `updated_at`) VALUES
(26, '::1', 3, 38, 6, 1, '2022-07-07 06:40:33', 1, NULL, '2022-06-06 13:35:15', '2022-07-07 06:40:33'),
(27, '127.0.0.0', 3, 30, 1, 0, '2022-06-06 13:58:48', 1, NULL, '2022-06-06 13:58:48', '2022-06-06 13:58:48'),
(28, '::1', 2, 2, 4, 10, '2022-07-07 06:44:18', 1, NULL, '2022-07-05 11:35:16', '2022-07-07 06:44:18'),
(29, '::1', 4, 4, 9, 1, '2022-07-07 06:41:43', 1, NULL, '2022-07-07 06:31:17', '2022-07-07 06:41:43');

-- --------------------------------------------------------

--
-- Table structure for table `wishlists`
--

CREATE TABLE `wishlists` (
  `id` bigint(20) UNSIGNED NOT NULL,
  `user_id` bigint(20) UNSIGNED NOT NULL,
  `product_id` bigint(20) UNSIGNED NOT NULL,
  `deleted_at` timestamp NULL DEFAULT NULL,
  `created_at` timestamp NULL DEFAULT NULL,
  `updated_at` timestamp NULL DEFAULT NULL
) ENGINE=InnoDB DEFAULT CHARSET=utf8mb4 COLLATE=utf8mb4_unicode_ci;

--
-- Dumping data for table `wishlists`
--

INSERT INTO `wishlists` (`id`, `user_id`, `product_id`, `deleted_at`, `created_at`, `updated_at`) VALUES
(15, 1, 4, NULL, '2022-05-27 19:59:26', '2022-05-27 19:59:26'),
(16, 1, 7, NULL, '2022-05-27 19:59:33', '2022-05-27 19:59:33'),
(17, 1, 2, NULL, '2022-05-28 20:58:30', '2022-05-28 20:58:30'),
(18, 1, 2, NULL, '2022-05-28 20:58:30', '2022-05-28 20:58:30'),
(19, 1, 3, NULL, '2022-05-28 23:38:05', '2022-05-28 23:38:05'),
(20, 1, 3, NULL, '2022-05-28 23:38:05', '2022-05-28 23:38:05'),
(21, 1, 5, NULL, '2022-05-30 08:38:07', '2022-05-30 08:38:07'),
(22, 1, 5, NULL, '2022-05-30 08:38:07', '2022-05-30 08:38:07');

--
-- Indexes for dumped tables
--

--
-- Indexes for table `all_visitors`
--
ALTER TABLE `all_visitors`
  ADD PRIMARY KEY (`id`);

--
-- Indexes for table `banners`
--
ALTER TABLE `banners`
  ADD PRIMARY KEY (`id`);

--
-- Indexes for table `blogs`
--
ALTER TABLE `blogs`
  ADD PRIMARY KEY (`id`),
  ADD UNIQUE KEY `blogs_blog_slug_unique` (`blog_slug`);

--
-- Indexes for table `brands`
--
ALTER TABLE `brands`
  ADD PRIMARY KEY (`id`);

--
-- Indexes for table `categories`
--
ALTER TABLE `categories`
  ADD PRIMARY KEY (`id`),
  ADD UNIQUE KEY `categories_slug_unique` (`slug`);

--
-- Indexes for table `contact_us`
--
ALTER TABLE `contact_us`
  ADD PRIMARY KEY (`id`);

--
-- Indexes for table `coupons`
--
ALTER TABLE `coupons`
  ADD PRIMARY KEY (`id`);

--
-- Indexes for table `districts`
--
ALTER TABLE `districts`
  ADD PRIMARY KEY (`id`),
  ADD UNIQUE KEY `districts_district_name_unique` (`district_name`),
  ADD KEY `districts_division_id_foreign` (`division_id`);

--
-- Indexes for table `divisions`
--
ALTER TABLE `divisions`
  ADD PRIMARY KEY (`id`),
  ADD UNIQUE KEY `divisions_division_name_unique` (`division_name`);

--
-- Indexes for table `failed_jobs`
--
ALTER TABLE `failed_jobs`
  ADD PRIMARY KEY (`id`),
  ADD UNIQUE KEY `failed_jobs_uuid_unique` (`uuid`);

--
-- Indexes for table `main_logos`
--
ALTER TABLE `main_logos`
  ADD PRIMARY KEY (`id`);

--
-- Indexes for table `migrations`
--
ALTER TABLE `migrations`
  ADD PRIMARY KEY (`id`);

--
-- Indexes for table `model_has_permissions`
--
ALTER TABLE `model_has_permissions`
  ADD PRIMARY KEY (`permission_id`,`model_id`,`model_type`),
  ADD KEY `model_has_permissions_model_id_model_type_index` (`model_id`,`model_type`);

--
-- Indexes for table `model_has_roles`
--
ALTER TABLE `model_has_roles`
  ADD PRIMARY KEY (`role_id`,`model_id`,`model_type`),
  ADD KEY `model_has_roles_model_id_model_type_index` (`model_id`,`model_type`);

--
-- Indexes for table `orders`
--
ALTER TABLE `orders`
  ADD PRIMARY KEY (`id`);

--
-- Indexes for table `order_items`
--
ALTER TABLE `order_items`
  ADD PRIMARY KEY (`id`),
  ADD KEY `order_items_order_id_foreign` (`order_id`),
  ADD KEY `order_items_product_id_foreign` (`product_id`);

--
-- Indexes for table `password_resets`
--
ALTER TABLE `password_resets`
  ADD KEY `password_resets_email_index` (`email`);

--
-- Indexes for table `permissions`
--
ALTER TABLE `permissions`
  ADD PRIMARY KEY (`id`),
  ADD UNIQUE KEY `permissions_name_guard_name_unique` (`name`,`guard_name`);

--
-- Indexes for table `personal_access_tokens`
--
ALTER TABLE `personal_access_tokens`
  ADD PRIMARY KEY (`id`),
  ADD UNIQUE KEY `personal_access_tokens_token_unique` (`token`),
  ADD KEY `personal_access_tokens_tokenable_type_tokenable_id_index` (`tokenable_type`,`tokenable_id`);

--
-- Indexes for table `products`
--
ALTER TABLE `products`
  ADD PRIMARY KEY (`id`),
  ADD UNIQUE KEY `products_product_slug_unique` (`product_slug`),
  ADD KEY `products_category_id_foreign` (`category_id`);

--
-- Indexes for table `product_contents`
--
ALTER TABLE `product_contents`
  ADD PRIMARY KEY (`id`),
  ADD KEY `product_contents_product_id_foreign` (`product_id`);

--
-- Indexes for table `product_multiple_images`
--
ALTER TABLE `product_multiple_images`
  ADD PRIMARY KEY (`id`),
  ADD KEY `product_multiple_images_product_id_foreign` (`product_id`);

--
-- Indexes for table `roles`
--
ALTER TABLE `roles`
  ADD PRIMARY KEY (`id`),
  ADD UNIQUE KEY `roles_name_guard_name_unique` (`name`,`guard_name`);

--
-- Indexes for table `role_has_permissions`
--
ALTER TABLE `role_has_permissions`
  ADD PRIMARY KEY (`permission_id`,`role_id`),
  ADD KEY `role_has_permissions_role_id_foreign` (`role_id`);

--
-- Indexes for table `shipping_infos`
--
ALTER TABLE `shipping_infos`
  ADD PRIMARY KEY (`id`);

--
-- Indexes for table `socials`
--
ALTER TABLE `socials`
  ADD PRIMARY KEY (`id`);

--
-- Indexes for table `testimonials`
--
ALTER TABLE `testimonials`
  ADD PRIMARY KEY (`id`);

--
-- Indexes for table `thanas`
--
ALTER TABLE `thanas`
  ADD PRIMARY KEY (`id`),
  ADD UNIQUE KEY `thanas_thana_name_unique` (`thana_name`),
  ADD KEY `thanas_division_id_foreign` (`division_id`),
  ADD KEY `thanas_district_id_foreign` (`district_id`);

--
-- Indexes for table `users`
--
ALTER TABLE `users`
  ADD PRIMARY KEY (`id`),
  ADD UNIQUE KEY `users_email_unique` (`email`);

--
-- Indexes for table `visitors`
--
ALTER TABLE `visitors`
  ADD PRIMARY KEY (`id`),
  ADD KEY `visitors_category_id_foreign` (`category_id`),
  ADD KEY `visitors_product_id_foreign` (`product_id`);

--
-- Indexes for table `wishlists`
--
ALTER TABLE `wishlists`
  ADD PRIMARY KEY (`id`),
  ADD KEY `wishlists_user_id_foreign` (`user_id`);

--
-- AUTO_INCREMENT for dumped tables
--

--
-- AUTO_INCREMENT for table `all_visitors`
--
ALTER TABLE `all_visitors`
  MODIFY `id` bigint(20) UNSIGNED NOT NULL AUTO_INCREMENT, AUTO_INCREMENT=416;

--
-- AUTO_INCREMENT for table `banners`
--
ALTER TABLE `banners`
  MODIFY `id` bigint(20) UNSIGNED NOT NULL AUTO_INCREMENT, AUTO_INCREMENT=4;

--
-- AUTO_INCREMENT for table `blogs`
--
ALTER TABLE `blogs`
  MODIFY `id` bigint(20) UNSIGNED NOT NULL AUTO_INCREMENT, AUTO_INCREMENT=2;

--
-- AUTO_INCREMENT for table `brands`
--
ALTER TABLE `brands`
  MODIFY `id` bigint(20) UNSIGNED NOT NULL AUTO_INCREMENT, AUTO_INCREMENT=9;

--
-- AUTO_INCREMENT for table `categories`
--
ALTER TABLE `categories`
  MODIFY `id` bigint(20) UNSIGNED NOT NULL AUTO_INCREMENT, AUTO_INCREMENT=13;

--
-- AUTO_INCREMENT for table `contact_us`
--
ALTER TABLE `contact_us`
  MODIFY `id` bigint(20) UNSIGNED NOT NULL AUTO_INCREMENT, AUTO_INCREMENT=2;

--
-- AUTO_INCREMENT for table `coupons`
--
ALTER TABLE `coupons`
  MODIFY `id` bigint(20) UNSIGNED NOT NULL AUTO_INCREMENT, AUTO_INCREMENT=2;

--
-- AUTO_INCREMENT for table `districts`
--
ALTER TABLE `districts`
  MODIFY `id` bigint(20) UNSIGNED NOT NULL AUTO_INCREMENT, AUTO_INCREMENT=11;

--
-- AUTO_INCREMENT for table `divisions`
--
ALTER TABLE `divisions`
  MODIFY `id` bigint(20) UNSIGNED NOT NULL AUTO_INCREMENT, AUTO_INCREMENT=7;

--
-- AUTO_INCREMENT for table `failed_jobs`
--
ALTER TABLE `failed_jobs`
  MODIFY `id` bigint(20) UNSIGNED NOT NULL AUTO_INCREMENT;

--
-- AUTO_INCREMENT for table `main_logos`
--
ALTER TABLE `main_logos`
  MODIFY `id` bigint(20) UNSIGNED NOT NULL AUTO_INCREMENT, AUTO_INCREMENT=2;

--
-- AUTO_INCREMENT for table `migrations`
--
ALTER TABLE `migrations`
  MODIFY `id` int(10) UNSIGNED NOT NULL AUTO_INCREMENT, AUTO_INCREMENT=41;

--
-- AUTO_INCREMENT for table `orders`
--
ALTER TABLE `orders`
  MODIFY `id` bigint(20) UNSIGNED NOT NULL AUTO_INCREMENT, AUTO_INCREMENT=9;

--
-- AUTO_INCREMENT for table `order_items`
--
ALTER TABLE `order_items`
  MODIFY `id` bigint(20) UNSIGNED NOT NULL AUTO_INCREMENT, AUTO_INCREMENT=2;

--
-- AUTO_INCREMENT for table `permissions`
--
ALTER TABLE `permissions`
  MODIFY `id` bigint(20) UNSIGNED NOT NULL AUTO_INCREMENT, AUTO_INCREMENT=7;

--
-- AUTO_INCREMENT for table `personal_access_tokens`
--
ALTER TABLE `personal_access_tokens`
  MODIFY `id` bigint(20) UNSIGNED NOT NULL AUTO_INCREMENT;

--
-- AUTO_INCREMENT for table `products`
--
ALTER TABLE `products`
  MODIFY `id` bigint(20) UNSIGNED NOT NULL AUTO_INCREMENT, AUTO_INCREMENT=40;

--
-- AUTO_INCREMENT for table `product_contents`
--
ALTER TABLE `product_contents`
  MODIFY `id` bigint(20) UNSIGNED NOT NULL AUTO_INCREMENT, AUTO_INCREMENT=3;

--
-- AUTO_INCREMENT for table `product_multiple_images`
--
ALTER TABLE `product_multiple_images`
  MODIFY `id` bigint(20) UNSIGNED NOT NULL AUTO_INCREMENT, AUTO_INCREMENT=14;

--
-- AUTO_INCREMENT for table `roles`
--
ALTER TABLE `roles`
  MODIFY `id` bigint(20) UNSIGNED NOT NULL AUTO_INCREMENT, AUTO_INCREMENT=3;

--
-- AUTO_INCREMENT for table `shipping_infos`
--
ALTER TABLE `shipping_infos`
  MODIFY `id` bigint(20) UNSIGNED NOT NULL AUTO_INCREMENT, AUTO_INCREMENT=2;

--
-- AUTO_INCREMENT for table `socials`
--
ALTER TABLE `socials`
  MODIFY `id` bigint(20) UNSIGNED NOT NULL AUTO_INCREMENT, AUTO_INCREMENT=2;

--
-- AUTO_INCREMENT for table `testimonials`
--
ALTER TABLE `testimonials`
  MODIFY `id` bigint(20) UNSIGNED NOT NULL AUTO_INCREMENT, AUTO_INCREMENT=2;

--
-- AUTO_INCREMENT for table `thanas`
--
ALTER TABLE `thanas`
  MODIFY `id` bigint(20) UNSIGNED NOT NULL AUTO_INCREMENT, AUTO_INCREMENT=7;

--
-- AUTO_INCREMENT for table `users`
--
ALTER TABLE `users`
  MODIFY `id` bigint(20) UNSIGNED NOT NULL AUTO_INCREMENT, AUTO_INCREMENT=4;

--
-- AUTO_INCREMENT for table `visitors`
--
ALTER TABLE `visitors`
  MODIFY `id` bigint(20) UNSIGNED NOT NULL AUTO_INCREMENT, AUTO_INCREMENT=30;

--
-- AUTO_INCREMENT for table `wishlists`
--
ALTER TABLE `wishlists`
  MODIFY `id` bigint(20) UNSIGNED NOT NULL AUTO_INCREMENT, AUTO_INCREMENT=23;

--
-- Constraints for dumped tables
--

--
-- Constraints for table `districts`
--
ALTER TABLE `districts`
  ADD CONSTRAINT `districts_division_id_foreign` FOREIGN KEY (`division_id`) REFERENCES `divisions` (`id`) ON DELETE CASCADE ON UPDATE CASCADE;

--
-- Constraints for table `model_has_permissions`
--
ALTER TABLE `model_has_permissions`
  ADD CONSTRAINT `model_has_permissions_permission_id_foreign` FOREIGN KEY (`permission_id`) REFERENCES `permissions` (`id`) ON DELETE CASCADE;

--
-- Constraints for table `model_has_roles`
--
ALTER TABLE `model_has_roles`
  ADD CONSTRAINT `model_has_roles_role_id_foreign` FOREIGN KEY (`role_id`) REFERENCES `roles` (`id`) ON DELETE CASCADE;

--
-- Constraints for table `order_items`
--
ALTER TABLE `order_items`
  ADD CONSTRAINT `order_items_order_id_foreign` FOREIGN KEY (`order_id`) REFERENCES `orders` (`id`) ON DELETE CASCADE ON UPDATE CASCADE,
  ADD CONSTRAINT `order_items_product_id_foreign` FOREIGN KEY (`product_id`) REFERENCES `products` (`id`) ON DELETE CASCADE ON UPDATE CASCADE;

--
-- Constraints for table `products`
--
ALTER TABLE `products`
  ADD CONSTRAINT `products_category_id_foreign` FOREIGN KEY (`category_id`) REFERENCES `categories` (`id`) ON DELETE CASCADE ON UPDATE CASCADE;

--
-- Constraints for table `product_contents`
--
ALTER TABLE `product_contents`
  ADD CONSTRAINT `product_contents_product_id_foreign` FOREIGN KEY (`product_id`) REFERENCES `products` (`id`) ON DELETE CASCADE ON UPDATE CASCADE;

--
-- Constraints for table `product_multiple_images`
--
ALTER TABLE `product_multiple_images`
  ADD CONSTRAINT `product_multiple_images_product_id_foreign` FOREIGN KEY (`product_id`) REFERENCES `products` (`id`) ON DELETE CASCADE ON UPDATE CASCADE;

--
-- Constraints for table `role_has_permissions`
--
ALTER TABLE `role_has_permissions`
  ADD CONSTRAINT `role_has_permissions_permission_id_foreign` FOREIGN KEY (`permission_id`) REFERENCES `permissions` (`id`) ON DELETE CASCADE,
  ADD CONSTRAINT `role_has_permissions_role_id_foreign` FOREIGN KEY (`role_id`) REFERENCES `roles` (`id`) ON DELETE CASCADE;

--
-- Constraints for table `thanas`
--
ALTER TABLE `thanas`
  ADD CONSTRAINT `thanas_district_id_foreign` FOREIGN KEY (`district_id`) REFERENCES `districts` (`id`) ON DELETE CASCADE ON UPDATE CASCADE,
  ADD CONSTRAINT `thanas_division_id_foreign` FOREIGN KEY (`division_id`) REFERENCES `divisions` (`id`) ON DELETE CASCADE ON UPDATE CASCADE;

--
-- Constraints for table `visitors`
--
ALTER TABLE `visitors`
  ADD CONSTRAINT `visitors_category_id_foreign` FOREIGN KEY (`category_id`) REFERENCES `categories` (`id`) ON DELETE CASCADE ON UPDATE CASCADE,
  ADD CONSTRAINT `visitors_product_id_foreign` FOREIGN KEY (`product_id`) REFERENCES `products` (`id`) ON DELETE CASCADE ON UPDATE CASCADE;

--
-- Constraints for table `wishlists`
--
ALTER TABLE `wishlists`
  ADD CONSTRAINT `wishlists_user_id_foreign` FOREIGN KEY (`user_id`) REFERENCES `users` (`id`) ON DELETE CASCADE ON UPDATE CASCADE;
COMMIT;

/*!40101 SET CHARACTER_SET_CLIENT=@OLD_CHARACTER_SET_CLIENT */;
/*!40101 SET CHARACTER_SET_RESULTS=@OLD_CHARACTER_SET_RESULTS */;
/*!40101 SET COLLATION_CONNECTION=@OLD_COLLATION_CONNECTION */;
